BEGIN TRANSACTION;
CREATE TABLE "auth_group" ("id" integer NOT NULL PRIMARY KEY AUTOINCREMENT, "name" varchar(150) NOT NULL UNIQUE);
INSERT INTO "auth_group" VALUES(1,'managers');
INSERT INTO "auth_group" VALUES(2,'technicians');
INSERT INTO "auth_group" VALUES(3,'guest');
CREATE TABLE "auth_group_permissions" ("id" integer NOT NULL PRIMARY KEY AUTOINCREMENT, "group_id" integer NOT NULL REFERENCES "auth_group" ("id") DEFERRABLE INITIALLY DEFERRED, "permission_id" integer NOT NULL REFERENCES "auth_permission" ("id") DEFERRABLE INITIALLY DEFERRED);
INSERT INTO "auth_group_permissions" VALUES(1,1,1);
INSERT INTO "auth_group_permissions" VALUES(2,1,2);
INSERT INTO "auth_group_permissions" VALUES(3,1,3);
INSERT INTO "auth_group_permissions" VALUES(4,1,4);
INSERT INTO "auth_group_permissions" VALUES(5,1,5);
INSERT INTO "auth_group_permissions" VALUES(6,1,6);
INSERT INTO "auth_group_permissions" VALUES(7,1,7);
INSERT INTO "auth_group_permissions" VALUES(8,1,8);
INSERT INTO "auth_group_permissions" VALUES(9,1,9);
INSERT INTO "auth_group_permissions" VALUES(10,1,10);
INSERT INTO "auth_group_permissions" VALUES(11,1,11);
INSERT INTO "auth_group_permissions" VALUES(12,1,12);
INSERT INTO "auth_group_permissions" VALUES(13,1,13);
INSERT INTO "auth_group_permissions" VALUES(14,1,14);
INSERT INTO "auth_group_permissions" VALUES(15,1,15);
INSERT INTO "auth_group_permissions" VALUES(16,1,16);
INSERT INTO "auth_group_permissions" VALUES(17,1,17);
INSERT INTO "auth_group_permissions" VALUES(18,1,18);
INSERT INTO "auth_group_permissions" VALUES(19,1,19);
INSERT INTO "auth_group_permissions" VALUES(20,1,20);
INSERT INTO "auth_group_permissions" VALUES(21,1,21);
INSERT INTO "auth_group_permissions" VALUES(22,1,22);
INSERT INTO "auth_group_permissions" VALUES(23,1,23);
INSERT INTO "auth_group_permissions" VALUES(24,1,24);
INSERT INTO "auth_group_permissions" VALUES(25,1,25);
INSERT INTO "auth_group_permissions" VALUES(26,1,26);
INSERT INTO "auth_group_permissions" VALUES(27,1,27);
INSERT INTO "auth_group_permissions" VALUES(28,1,28);
INSERT INTO "auth_group_permissions" VALUES(29,1,29);
INSERT INTO "auth_group_permissions" VALUES(30,1,30);
INSERT INTO "auth_group_permissions" VALUES(31,1,31);
INSERT INTO "auth_group_permissions" VALUES(32,1,32);
INSERT INTO "auth_group_permissions" VALUES(33,2,1);
INSERT INTO "auth_group_permissions" VALUES(34,2,2);
INSERT INTO "auth_group_permissions" VALUES(35,2,3);
INSERT INTO "auth_group_permissions" VALUES(36,2,4);
INSERT INTO "auth_group_permissions" VALUES(37,2,5);
INSERT INTO "auth_group_permissions" VALUES(38,2,6);
INSERT INTO "auth_group_permissions" VALUES(39,2,7);
INSERT INTO "auth_group_permissions" VALUES(40,2,8);
INSERT INTO "auth_group_permissions" VALUES(41,2,9);
INSERT INTO "auth_group_permissions" VALUES(42,2,10);
INSERT INTO "auth_group_permissions" VALUES(43,2,11);
INSERT INTO "auth_group_permissions" VALUES(44,2,12);
INSERT INTO "auth_group_permissions" VALUES(45,2,13);
INSERT INTO "auth_group_permissions" VALUES(46,2,14);
INSERT INTO "auth_group_permissions" VALUES(47,2,15);
INSERT INTO "auth_group_permissions" VALUES(48,2,16);
INSERT INTO "auth_group_permissions" VALUES(49,2,17);
INSERT INTO "auth_group_permissions" VALUES(50,2,18);
INSERT INTO "auth_group_permissions" VALUES(51,2,19);
INSERT INTO "auth_group_permissions" VALUES(52,2,20);
INSERT INTO "auth_group_permissions" VALUES(53,2,21);
INSERT INTO "auth_group_permissions" VALUES(54,2,22);
INSERT INTO "auth_group_permissions" VALUES(55,2,23);
INSERT INTO "auth_group_permissions" VALUES(56,2,24);
INSERT INTO "auth_group_permissions" VALUES(57,2,25);
INSERT INTO "auth_group_permissions" VALUES(58,2,26);
INSERT INTO "auth_group_permissions" VALUES(59,2,27);
INSERT INTO "auth_group_permissions" VALUES(60,2,28);
INSERT INTO "auth_group_permissions" VALUES(61,2,29);
INSERT INTO "auth_group_permissions" VALUES(62,2,30);
INSERT INTO "auth_group_permissions" VALUES(63,2,31);
INSERT INTO "auth_group_permissions" VALUES(64,2,32);
CREATE TABLE "auth_permission" ("id" integer NOT NULL PRIMARY KEY AUTOINCREMENT, "content_type_id" integer NOT NULL REFERENCES "django_content_type" ("id") DEFERRABLE INITIALLY DEFERRED, "codename" varchar(100) NOT NULL, "name" varchar(255) NOT NULL);
INSERT INTO "auth_permission" VALUES(1,1,'add_logentry','Can add log entry');
INSERT INTO "auth_permission" VALUES(2,1,'change_logentry','Can change log entry');
INSERT INTO "auth_permission" VALUES(3,1,'delete_logentry','Can delete log entry');
INSERT INTO "auth_permission" VALUES(4,1,'view_logentry','Can view log entry');
INSERT INTO "auth_permission" VALUES(5,2,'add_permission','Can add permission');
INSERT INTO "auth_permission" VALUES(6,2,'change_permission','Can change permission');
INSERT INTO "auth_permission" VALUES(7,2,'delete_permission','Can delete permission');
INSERT INTO "auth_permission" VALUES(8,2,'view_permission','Can view permission');
INSERT INTO "auth_permission" VALUES(9,3,'add_group','Can add group');
INSERT INTO "auth_permission" VALUES(10,3,'change_group','Can change group');
INSERT INTO "auth_permission" VALUES(11,3,'delete_group','Can delete group');
INSERT INTO "auth_permission" VALUES(12,3,'view_group','Can view group');
INSERT INTO "auth_permission" VALUES(13,4,'add_user','Can add user');
INSERT INTO "auth_permission" VALUES(14,4,'change_user','Can change user');
INSERT INTO "auth_permission" VALUES(15,4,'delete_user','Can delete user');
INSERT INTO "auth_permission" VALUES(16,4,'view_user','Can view user');
INSERT INTO "auth_permission" VALUES(17,5,'add_contenttype','Can add content type');
INSERT INTO "auth_permission" VALUES(18,5,'change_contenttype','Can change content type');
INSERT INTO "auth_permission" VALUES(19,5,'delete_contenttype','Can delete content type');
INSERT INTO "auth_permission" VALUES(20,5,'view_contenttype','Can view content type');
INSERT INTO "auth_permission" VALUES(21,6,'add_session','Can add session');
INSERT INTO "auth_permission" VALUES(22,6,'change_session','Can change session');
INSERT INTO "auth_permission" VALUES(23,6,'delete_session','Can delete session');
INSERT INTO "auth_permission" VALUES(24,6,'view_session','Can view session');
INSERT INTO "auth_permission" VALUES(25,7,'add_asset','Can add asset');
INSERT INTO "auth_permission" VALUES(26,7,'change_asset','Can change asset');
INSERT INTO "auth_permission" VALUES(27,7,'delete_asset','Can delete asset');
INSERT INTO "auth_permission" VALUES(28,7,'view_asset','Can view asset');
INSERT INTO "auth_permission" VALUES(29,8,'add_store','Can add store');
INSERT INTO "auth_permission" VALUES(30,8,'change_store','Can change store');
INSERT INTO "auth_permission" VALUES(31,8,'delete_store','Can delete store');
INSERT INTO "auth_permission" VALUES(32,8,'view_store','Can view store');
INSERT INTO "auth_permission" VALUES(33,9,'add_returnnote','Can add return note');
INSERT INTO "auth_permission" VALUES(34,9,'change_returnnote','Can change return note');
INSERT INTO "auth_permission" VALUES(35,9,'delete_returnnote','Can delete return note');
INSERT INTO "auth_permission" VALUES(36,9,'view_returnnote','Can view return note');
CREATE TABLE "auth_user" ("id" integer NOT NULL PRIMARY KEY AUTOINCREMENT, "password" varchar(128) NOT NULL, "last_login" datetime NULL, "is_superuser" bool NOT NULL, "username" varchar(150) NOT NULL UNIQUE, "last_name" varchar(150) NOT NULL, "email" varchar(254) NOT NULL, "is_staff" bool NOT NULL, "is_active" bool NOT NULL, "date_joined" datetime NOT NULL, "first_name" varchar(150) NOT NULL);
INSERT INTO "auth_user" VALUES(1,'pbkdf2_sha256$1000000$98nZnibNhWFKRM3hagfpkZ$BPAN733E0cxc7KuDVTYdERLAzCHjI3lq++RkUlTbbrU=','2025-07-25 03:38:37.968579',1,'vishnu','','vishnu.saji@asterpharmacy.com',1,1,'2025-07-23 04:26:39.626425','');
INSERT INTO "auth_user" VALUES(2,'pbkdf2_sha256$1000000$Fwj8UR5vM4fTyKbcAxF4r5$qEvUc3nwEe8BZVXNBk9fWXwmaY7GPxp4XKR8hU4ForQ=','2025-07-24 07:57:13.742446',0,'mathew','Philipose','mathew.philipos@asterpharmacy.com',0,1,'2025-07-23 04:29:49','Mathew');
INSERT INTO "auth_user" VALUES(3,'pbkdf2_sha256$1000000$f5EsN9lB1TfkaKZBQbEbqX$S2d7TSQTKdMneY3J+PwgntoXcbneGDze2gnHuG+qjVc=','2025-07-24 11:34:12.071980',0,'akshay','Mohanan','akshay.mohanan@asterpharmacy.com',0,1,'2025-07-23 04:31:19','Akshay');
INSERT INTO "auth_user" VALUES(4,'pbkdf2_sha256$1000000$42xoBdfOI2t47oGzBdJdaH$A9zRf4SWxUYTVvzIYvDbClv18bR01zz2iiITrnNDjy8=','2025-07-24 15:00:38.084364',0,'boss','','',0,1,'2025-07-24 07:51:23','');
CREATE TABLE "auth_user_groups" ("id" integer NOT NULL PRIMARY KEY AUTOINCREMENT, "user_id" integer NOT NULL REFERENCES "auth_user" ("id") DEFERRABLE INITIALLY DEFERRED, "group_id" integer NOT NULL REFERENCES "auth_group" ("id") DEFERRABLE INITIALLY DEFERRED);
INSERT INTO "auth_user_groups" VALUES(1,2,1);
INSERT INTO "auth_user_groups" VALUES(2,3,2);
INSERT INTO "auth_user_groups" VALUES(3,4,1);
INSERT INTO "auth_user_groups" VALUES(4,4,2);
CREATE TABLE "auth_user_user_permissions" ("id" integer NOT NULL PRIMARY KEY AUTOINCREMENT, "user_id" integer NOT NULL REFERENCES "auth_user" ("id") DEFERRABLE INITIALLY DEFERRED, "permission_id" integer NOT NULL REFERENCES "auth_permission" ("id") DEFERRABLE INITIALLY DEFERRED);
INSERT INTO "auth_user_user_permissions" VALUES(1,2,1);
INSERT INTO "auth_user_user_permissions" VALUES(2,2,2);
INSERT INTO "auth_user_user_permissions" VALUES(3,2,3);
INSERT INTO "auth_user_user_permissions" VALUES(4,2,4);
INSERT INTO "auth_user_user_permissions" VALUES(5,2,5);
INSERT INTO "auth_user_user_permissions" VALUES(6,2,6);
INSERT INTO "auth_user_user_permissions" VALUES(7,2,7);
INSERT INTO "auth_user_user_permissions" VALUES(8,2,8);
INSERT INTO "auth_user_user_permissions" VALUES(9,2,9);
INSERT INTO "auth_user_user_permissions" VALUES(10,2,10);
INSERT INTO "auth_user_user_permissions" VALUES(11,2,11);
INSERT INTO "auth_user_user_permissions" VALUES(12,2,12);
INSERT INTO "auth_user_user_permissions" VALUES(13,2,13);
INSERT INTO "auth_user_user_permissions" VALUES(14,2,14);
INSERT INTO "auth_user_user_permissions" VALUES(15,2,15);
INSERT INTO "auth_user_user_permissions" VALUES(16,2,16);
INSERT INTO "auth_user_user_permissions" VALUES(17,2,17);
INSERT INTO "auth_user_user_permissions" VALUES(18,2,18);
INSERT INTO "auth_user_user_permissions" VALUES(19,2,19);
INSERT INTO "auth_user_user_permissions" VALUES(20,2,20);
INSERT INTO "auth_user_user_permissions" VALUES(21,2,21);
INSERT INTO "auth_user_user_permissions" VALUES(22,2,22);
INSERT INTO "auth_user_user_permissions" VALUES(23,2,23);
INSERT INTO "auth_user_user_permissions" VALUES(24,2,24);
INSERT INTO "auth_user_user_permissions" VALUES(25,2,25);
INSERT INTO "auth_user_user_permissions" VALUES(26,2,26);
INSERT INTO "auth_user_user_permissions" VALUES(27,2,27);
INSERT INTO "auth_user_user_permissions" VALUES(28,2,28);
INSERT INTO "auth_user_user_permissions" VALUES(29,2,29);
INSERT INTO "auth_user_user_permissions" VALUES(30,2,30);
INSERT INTO "auth_user_user_permissions" VALUES(31,2,31);
INSERT INTO "auth_user_user_permissions" VALUES(32,2,32);
CREATE TABLE "django_admin_log" ("id" integer NOT NULL PRIMARY KEY AUTOINCREMENT, "object_id" text NULL, "object_repr" varchar(200) NOT NULL, "action_flag" smallint unsigned NOT NULL CHECK ("action_flag" >= 0), "change_message" text NOT NULL, "content_type_id" integer NULL REFERENCES "django_content_type" ("id") DEFERRABLE INITIALLY DEFERRED, "user_id" integer NOT NULL REFERENCES "auth_user" ("id") DEFERRABLE INITIALLY DEFERRED, "action_time" datetime NOT NULL);
INSERT INTO "django_admin_log" VALUES(1,'1','managers',1,'[{"added": {}}]',3,1,'2025-07-23 04:28:46.717462');
INSERT INTO "django_admin_log" VALUES(2,'2','technicians',1,'[{"added": {}}]',3,1,'2025-07-23 04:29:04.715236');
INSERT INTO "django_admin_log" VALUES(3,'3','guest',1,'[{"added": {}}]',3,1,'2025-07-23 04:29:09.321835');
INSERT INTO "django_admin_log" VALUES(4,'2','mathew',1,'[{"added": {}}]',4,1,'2025-07-23 04:29:50.274054');
INSERT INTO "django_admin_log" VALUES(5,'2','mathew',2,'[{"changed": {"fields": ["First name", "Last name", "Email address", "Groups", "User permissions"]}}]',4,1,'2025-07-23 04:30:42.864172');
INSERT INTO "django_admin_log" VALUES(6,'3','akshay',1,'[{"added": {}}]',4,1,'2025-07-23 04:31:20.142599');
INSERT INTO "django_admin_log" VALUES(7,'3','akshay',2,'[{"changed": {"fields": ["First name", "Last name", "Email address", "Groups"]}}]',4,1,'2025-07-23 04:31:44.227931');
INSERT INTO "django_admin_log" VALUES(8,'1','0 - New',1,'[{"added": {}}]',8,1,'2025-07-23 05:04:05.338948');
INSERT INTO "django_admin_log" VALUES(9,'1','Barcode Printer - ]C0D6J242006179',1,'[{"added": {}}]',7,1,'2025-07-23 05:04:08.121762');
INSERT INTO "django_admin_log" VALUES(10,'2','1236 - Aster Pharmacy 123',1,'[{"added": {}}]',8,1,'2025-07-23 05:04:36.326760');
INSERT INTO "django_admin_log" VALUES(11,'1','0 - New',2,'update through import_export',8,1,'2025-07-23 05:22:27.653229');
INSERT INTO "django_admin_log" VALUES(12,'2','1236 - Aster Pharmacy 123',2,'update through import_export',8,1,'2025-07-23 05:22:27.653284');
INSERT INTO "django_admin_log" VALUES(13,'3',' - ',1,'new through import_export',8,1,'2025-07-23 05:22:27.660652');
INSERT INTO "django_admin_log" VALUES(14,'3',' - ',3,'',8,1,'2025-07-23 05:22:37.800331');
INSERT INTO "django_admin_log" VALUES(15,'1','Barcode Printer - ]C0D6J242006179',2,'update through import_export',7,1,'2025-07-23 05:29:27.993826');
INSERT INTO "django_admin_log" VALUES(16,'2','Barcode Printer - ]C0D6J242006180',1,'new through import_export',7,1,'2025-07-23 05:29:28.000942');
INSERT INTO "django_admin_log" VALUES(17,'3','Barcode Printer - ]C0D6J242006179-1',1,'new through import_export',7,1,'2025-07-23 05:29:28.000990');
INSERT INTO "django_admin_log" VALUES(18,'1','Barcode Printer - ]C0D6J242006179',3,'',7,1,'2025-07-23 05:31:30.040186');
INSERT INTO "django_admin_log" VALUES(19,'4','Barcode Printer - ]C0D6J242006179',1,'new through import_export',7,1,'2025-07-23 05:34:08.818248');
INSERT INTO "django_admin_log" VALUES(20,'5','Barcode Printer - ]C0D6J242006178',1,'new through import_export',7,1,'2025-07-23 05:34:08.818388');
INSERT INTO "django_admin_log" VALUES(21,'3','Barcode Printer - ]C0D6J242006179-1',2,'[{"changed": {"fields": ["Current location", "Current custodian"]}}]',7,1,'2025-07-23 07:48:17.301690');
INSERT INTO "django_admin_log" VALUES(22,'3','Barcode Printer - ]C0D6J242006179-1',2,'[{"changed": {"fields": ["Current location", "Current custodian"]}}]',7,1,'2025-07-23 08:09:09.688212');
INSERT INTO "django_admin_log" VALUES(23,'2','1236 - Aster Pharmacy 123',3,'',8,1,'2025-07-23 08:29:42.959945');
INSERT INTO "django_admin_log" VALUES(24,'1','1266 - Aster Pharmacy 122',2,'update through import_export',8,1,'2025-07-23 09:10:14.758009');
INSERT INTO "django_admin_log" VALUES(25,'2','1244 - Aster Pharmacy 129 (Br Of Aster ',1,'new through import_export',8,1,'2025-07-23 09:10:14.765982');
INSERT INTO "django_admin_log" VALUES(26,'3','1116 - Alqoze Pharmacy',1,'new through import_export',8,1,'2025-07-23 09:10:14.766153');
INSERT INTO "django_admin_log" VALUES(27,'4','1258 - Aster Pharmacy 125',1,'new through import_export',8,1,'2025-07-23 09:10:14.766241');
INSERT INTO "django_admin_log" VALUES(28,'5','1283 - Aster Pharmacy 140',1,'new through import_export',8,1,'2025-07-23 09:10:14.766310');
INSERT INTO "django_admin_log" VALUES(29,'6','1268 - Aster Pharmacy 133',1,'new through import_export',8,1,'2025-07-23 09:10:14.766353');
INSERT INTO "django_admin_log" VALUES(30,'7','1323 - Aster Pharmacy 154',1,'new through import_export',8,1,'2025-07-23 09:10:14.766468');
INSERT INTO "django_admin_log" VALUES(31,'8','1330 - ASTER PHARMACIES GROUP LLC SHJ B',1,'new through import_export',8,1,'2025-07-23 09:10:14.766607');
INSERT INTO "django_admin_log" VALUES(32,'9','1267 - Aster Pharmacy 139',1,'new through import_export',8,1,'2025-07-23 09:10:14.766656');
INSERT INTO "django_admin_log" VALUES(33,'10','1306 - Aster Pharmacy 203 - Al Tawuun',1,'new through import_export',8,1,'2025-07-23 09:10:14.766695');
INSERT INTO "django_admin_log" VALUES(34,'11','1304 - Al Musalla Pharmacy (Br Of Aster',1,'new through import_export',8,1,'2025-07-23 09:10:14.766737');
INSERT INTO "django_admin_log" VALUES(35,'12','1303 - Aster Pharmacy 128 (Br Of Aster ',1,'new through import_export',8,1,'2025-07-23 09:10:14.766776');
INSERT INTO "django_admin_log" VALUES(36,'13','1302 - Aster Pharmacy 204 (Br Of Aster ',1,'new through import_export',8,1,'2025-07-23 09:10:14.766811');
INSERT INTO "django_admin_log" VALUES(37,'14','1301 - Aster Pharmacies Group Llc Branc',1,'new through import_export',8,1,'2025-07-23 09:10:14.766838');
INSERT INTO "django_admin_log" VALUES(38,'15','1298 - Aster Pharmacy 158',1,'new through import_export',8,1,'2025-07-23 09:10:14.766863');
INSERT INTO "django_admin_log" VALUES(39,'16','1285 - Aster Al Hayat Pharmacy (Br Of A',1,'new through import_export',8,1,'2025-07-23 09:10:14.766879');
INSERT INTO "django_admin_log" VALUES(40,'17','1281 - Aster Pharmacy 151',1,'new through import_export',8,1,'2025-07-23 09:10:14.766893');
INSERT INTO "django_admin_log" VALUES(41,'18','1274 - Aster Healthcare Hyper Market(Br',1,'new through import_export',8,1,'2025-07-23 09:10:14.766913');
INSERT INTO "django_admin_log" VALUES(42,'19','1271 - Aster Pharmacies Group Llc- Bran',1,'new through import_export',8,1,'2025-07-23 09:10:14.766953');
INSERT INTO "django_admin_log" VALUES(43,'20','1245 - Aster Pharmacies Group -Br. Of A',1,'new through import_export',8,1,'2025-07-23 09:10:14.766987');
INSERT INTO "django_admin_log" VALUES(44,'21','1243 - Aster Pharmacies Group -Br. Of A',1,'new through import_export',8,1,'2025-07-23 09:10:14.767018');
INSERT INTO "django_admin_log" VALUES(45,'22','1235 - Asterpharmacy121 (Br Of Aster Ph',1,'new through import_export',8,1,'2025-07-23 09:10:14.767049');
INSERT INTO "django_admin_log" VALUES(46,'23','1231 - Aster Pharmacy 8 (Br Of Aster Ph',1,'new through import_export',8,1,'2025-07-23 09:10:14.767084');
INSERT INTO "django_admin_log" VALUES(47,'24','1230 - Aster Pharmacy 113 (Br Of Aster ',1,'new through import_export',8,1,'2025-07-23 09:10:14.767117');
INSERT INTO "django_admin_log" VALUES(48,'25','1228 - Aster Pharmacies Group L.L.C Rak',1,'new through import_export',8,1,'2025-07-23 09:10:14.767147');
INSERT INTO "django_admin_log" VALUES(49,'26','1226 - Access Pharmacy-Ajman',1,'new through import_export',8,1,'2025-07-23 09:10:14.767181');
INSERT INTO "django_admin_log" VALUES(50,'27','1224 - Aster Pharmacy 112 (Br Of Aster ',1,'new through import_export',8,1,'2025-07-23 09:10:14.767217');
INSERT INTO "django_admin_log" VALUES(51,'28','1219 - Aster Pharmacy 6 (Br Of Aster Ph',1,'new through import_export',8,1,'2025-07-23 09:10:14.767253');
INSERT INTO "django_admin_log" VALUES(52,'29','1262 - Aster Pharmacy 134',1,'new through import_export',8,1,'2025-07-23 09:10:14.767290');
INSERT INTO "django_admin_log" VALUES(53,'30','1288 - Aster Pharmacy 201',1,'new through import_export',8,1,'2025-07-23 09:10:14.767328');
INSERT INTO "django_admin_log" VALUES(54,'31','1218 - Aster Pharmacy 107',1,'new through import_export',8,1,'2025-07-23 09:10:14.767366');
INSERT INTO "django_admin_log" VALUES(55,'32','1217 - Aster Pharmacy 105 (Br Of Aster ',1,'new through import_export',8,1,'2025-07-23 09:10:14.767404');
INSERT INTO "django_admin_log" VALUES(56,'33','1240 - Aster Pharmacy 126',1,'new through import_export',8,1,'2025-07-23 09:10:14.767443');
INSERT INTO "django_admin_log" VALUES(57,'34','1310 - ASTER PHARMACY 131',1,'new through import_export',8,1,'2025-07-23 09:10:14.767481');
INSERT INTO "django_admin_log" VALUES(58,'35','1263 - Aster Pharmacy 109',1,'new through import_export',8,1,'2025-07-23 09:10:14.767519');
INSERT INTO "django_admin_log" VALUES(59,'36','1135 - MEDSAVE PHARMACY',1,'new through import_export',8,1,'2025-07-23 09:10:14.767571');
INSERT INTO "django_admin_log" VALUES(60,'37','1213 - Panacea Pharmacy Reef',1,'new through import_export',8,1,'2025-07-23 09:10:14.767611');
INSERT INTO "django_admin_log" VALUES(61,'38','1157 - MEDICOM PHARMACY 10 (SABA)',1,'new through import_export',8,1,'2025-07-23 09:10:14.767643');
INSERT INTO "django_admin_log" VALUES(62,'39','1222 - Aster Pharmacy 116 (Br Of Aster ',1,'new through import_export',8,1,'2025-07-23 09:10:14.767680');
INSERT INTO "django_admin_log" VALUES(63,'40','1201 - New Aster Pharmacy JLT',1,'new through import_export',8,1,'2025-07-23 09:10:14.767717');
INSERT INTO "django_admin_log" VALUES(64,'41','1211 - Aster Pharmacy 5 (Br Of Aster Ph',1,'new through import_export',8,1,'2025-07-23 09:10:14.767752');
INSERT INTO "django_admin_log" VALUES(65,'42','1210 - Aster Pharmacy 2 (Br Of Aster Ph',1,'new through import_export',8,1,'2025-07-23 09:10:14.767782');
INSERT INTO "django_admin_log" VALUES(66,'43','1205 - Aster Al Buhairah Pharmacy',1,'new through import_export',8,1,'2025-07-23 09:10:14.767812');
INSERT INTO "django_admin_log" VALUES(67,'44','1202 - Aster Dip Pharmacy',1,'new through import_export',8,1,'2025-07-23 09:10:14.767844');
INSERT INTO "django_admin_log" VALUES(68,'45','1198 - Al Fardoos Pharmacy',1,'new through import_export',8,1,'2025-07-23 09:10:14.767877');
INSERT INTO "django_admin_log" VALUES(69,'46','1137 - Iqra Pharmacy',1,'new through import_export',8,1,'2025-07-23 09:10:14.767921');
INSERT INTO "django_admin_log" VALUES(70,'47','1158 - Medicom Pharmacy 11 (New Flame)',1,'new through import_export',8,1,'2025-07-23 09:10:14.767960');
INSERT INTO "django_admin_log" VALUES(71,'48','1192 - Jabel Ali Gardens Pharmacy',1,'new through import_export',8,1,'2025-07-23 09:10:14.767999');
INSERT INTO "django_admin_log" VALUES(72,'49','1206 - Aster Pharmacy 98',1,'new through import_export',8,1,'2025-07-23 09:10:14.768041');
INSERT INTO "django_admin_log" VALUES(73,'50','1191 - Dragon Mart Pharmacy',1,'new through import_export',8,1,'2025-07-23 09:10:14.768072');
INSERT INTO "django_admin_log" VALUES(74,'51','1188 - Al Aweer Society Pharmacy',1,'new through import_export',8,1,'2025-07-23 09:10:14.768101');
INSERT INTO "django_admin_log" VALUES(75,'52','1277 - ASTER PHARMACY 146',1,'new through import_export',8,1,'2025-07-23 09:10:14.768133');
INSERT INTO "django_admin_log" VALUES(76,'53','1176 - Aster JBR Pharmacy',1,'new through import_export',8,1,'2025-07-23 09:10:14.768150');
INSERT INTO "django_admin_log" VALUES(77,'54','1185 - Sara Pharmacy L.L.C',1,'new through import_export',8,1,'2025-07-23 09:10:14.768164');
INSERT INTO "django_admin_log" VALUES(78,'55','1280 - Aster Pharmacy 145 (Br Of Aster ',1,'new through import_export',8,1,'2025-07-23 09:10:14.768203');
INSERT INTO "django_admin_log" VALUES(79,'56','1308 - Al Mankhool Pharmacy',1,'new through import_export',8,1,'2025-07-23 09:10:14.768241');
INSERT INTO "django_admin_log" VALUES(80,'57','1182 - Cristal Pharmacy',1,'new through import_export',8,1,'2025-07-23 09:10:14.768279');
INSERT INTO "django_admin_log" VALUES(81,'58','1181 - Medicom Pharmacy 14 (Madina Mall',1,'new through import_export',8,1,'2025-07-23 09:10:14.768314');
INSERT INTO "django_admin_log" VALUES(82,'59','1180 - Medicom Pharmacy 27(Ajman)',1,'new through import_export',8,1,'2025-07-23 09:10:14.768349');
INSERT INTO "django_admin_log" VALUES(83,'60','1312 - ASTER PHARMACY DCC',1,'new through import_export',8,1,'2025-07-23 09:10:14.768385');
INSERT INTO "django_admin_log" VALUES(84,'61','1346 - Aster Pharmacy 155',1,'new through import_export',8,1,'2025-07-23 09:10:14.768427');
INSERT INTO "django_admin_log" VALUES(85,'62','1335 - Aster Medical Centre Pharmacy Mu',1,'new through import_export',8,1,'2025-07-23 09:10:14.768471');
INSERT INTO "django_admin_log" VALUES(86,'63','1125 - Waseem Pharmacy',1,'new through import_export',8,1,'2025-07-23 09:10:14.768534');
INSERT INTO "django_admin_log" VALUES(87,'64','1127 - Al Manarah Pharmacy',1,'new through import_export',8,1,'2025-07-23 09:10:14.768661');
INSERT INTO "django_admin_log" VALUES(88,'65','1154 - Medicom Pharmacy 7 (Flame)',1,'new through import_export',8,1,'2025-07-23 09:10:14.768711');
INSERT INTO "django_admin_log" VALUES(89,'66','1165 - Medicom Pharmacy 23 ( Enaya)',1,'new through import_export',8,1,'2025-07-23 09:10:14.768745');
INSERT INTO "django_admin_log" VALUES(90,'67','1174 - Aster Grand Pharmacy (Al Nahada)',1,'new through import_export',8,1,'2025-07-23 09:10:14.768781');
INSERT INTO "django_admin_log" VALUES(91,'68','1204 - ASTER PHARMACY FUJAIRAH BR.',1,'new through import_export',8,1,'2025-07-23 09:10:14.768811');
INSERT INTO "django_admin_log" VALUES(92,'69','1259 - Aster Pharmacy 102 (Br Of Aster ',1,'new through import_export',8,1,'2025-07-23 09:10:14.768840');
INSERT INTO "django_admin_log" VALUES(93,'70','1275 - Aster Pharmacy 200 (Br Of Aster ',1,'new through import_export',8,1,'2025-07-23 09:10:14.768869');
INSERT INTO "django_admin_log" VALUES(94,'71','1171 - Aster Pharmacy Al Nahda (Sharjah',1,'new through import_export',8,1,'2025-07-23 09:10:14.768897');
INSERT INTO "django_admin_log" VALUES(95,'72','1170 - Aster Pharmacy (Ajman)',1,'new through import_export',8,1,'2025-07-23 09:10:14.768929');
INSERT INTO "django_admin_log" VALUES(96,'73','1168 - Medicom Pharmacy 26 (U.A.Q)',1,'new through import_export',8,1,'2025-07-23 09:10:14.768960');
INSERT INTO "django_admin_log" VALUES(97,'74','1164 - Medicom Pharmacy 8 (Century)',1,'new through import_export',8,1,'2025-07-23 09:10:14.768995');
INSERT INTO "django_admin_log" VALUES(98,'75','1292 - Aster Pharmacy 202 (Br Of Aster ',1,'new through import_export',8,1,'2025-07-23 09:10:14.769024');
INSERT INTO "django_admin_log" VALUES(99,'76','1327 - Aster Pharmacy 153',1,'new through import_export',8,1,'2025-07-23 09:10:14.769053');
INSERT INTO "django_admin_log" VALUES(100,'77','1329 - ASTER PHARMACIES GROUP LLC SH BR',1,'new through import_export',8,1,'2025-07-23 09:10:14.769083');
INSERT INTO "django_admin_log" VALUES(101,'78','1162 - Medicom Pharmacy 18 (Alam)',1,'new through import_export',8,1,'2025-07-23 09:10:14.769112');
INSERT INTO "django_admin_log" VALUES(102,'79','1161 - Medicom Pharmacy 17 (Ansar)',1,'new through import_export',8,1,'2025-07-23 09:10:14.769142');
INSERT INTO "django_admin_log" VALUES(103,'80','1153 - Medicom Pharmacy 6 (Mazaya)',1,'new through import_export',8,1,'2025-07-23 09:10:14.769174');
INSERT INTO "django_admin_log" VALUES(104,'81','1147 - Medicom Pharmacy (Pharabi)',1,'new through import_export',8,1,'2025-07-23 09:10:14.769205');
INSERT INTO "django_admin_log" VALUES(105,'82','1146 - Beta Pharmacy',1,'new through import_export',8,1,'2025-07-23 09:10:14.769240');
INSERT INTO "django_admin_log" VALUES(106,'83','1139 - New Grand Pharmacy',1,'new through import_export',8,1,'2025-07-23 09:10:14.769274');
INSERT INTO "django_admin_log" VALUES(107,'84','1138 - Modern Dar Al Shifa -Mussafah Br',1,'new through import_export',8,1,'2025-07-23 09:10:14.769309');
INSERT INTO "django_admin_log" VALUES(108,'85','1136 - New Al Shifa Pharmacy',1,'new through import_export',8,1,'2025-07-23 09:10:14.769345');
INSERT INTO "django_admin_log" VALUES(109,'86','1134 - Yacoub Pharmacy',1,'new through import_export',8,1,'2025-07-23 09:10:14.769375');
INSERT INTO "django_admin_log" VALUES(110,'87','1133 - Golden Sands Pharmacy',1,'new through import_export',8,1,'2025-07-23 09:10:14.769403');
INSERT INTO "django_admin_log" VALUES(111,'88','1126 - Al Mawadah Pharmacy',1,'new through import_export',8,1,'2025-07-23 09:10:14.769432');
INSERT INTO "django_admin_log" VALUES(112,'89','1124 - Haramain Pharmacy',1,'new through import_export',8,1,'2025-07-23 09:10:14.769460');
INSERT INTO "django_admin_log" VALUES(113,'90','1123 - Salim Pharmacy',1,'new through import_export',8,1,'2025-07-23 09:10:14.769491');
INSERT INTO "django_admin_log" VALUES(114,'91','1122 - Expert Pharmacy',1,'new through import_export',8,1,'2025-07-23 09:10:14.769524');
INSERT INTO "django_admin_log" VALUES(115,'92','1121 - Al Majaz Pharmacy',1,'new through import_export',8,1,'2025-07-23 09:10:14.769566');
INSERT INTO "django_admin_log" VALUES(116,'93','1347 - NICE LIFE PHARMACY (BR OF ASTER ',1,'new through import_export',8,1,'2025-07-23 09:10:14.769597');
INSERT INTO "django_admin_log" VALUES(117,'94','1149 - MEDICOM PHARMACY 2 (WASL)',1,'new through import_export',8,1,'2025-07-23 09:10:14.769627');
INSERT INTO "django_admin_log" VALUES(118,'95','1119 - Grand Pharmacy',1,'new through import_export',8,1,'2025-07-23 09:10:14.769661');
INSERT INTO "django_admin_log" VALUES(119,'96','1151 - Medicom Pharmacy 4 (Town)',1,'new through import_export',8,1,'2025-07-23 09:10:14.769696');
INSERT INTO "django_admin_log" VALUES(120,'97','1169 - ASTER PHARAMACY (TECOM)',1,'new through import_export',8,1,'2025-07-23 09:10:14.769731');
INSERT INTO "django_admin_log" VALUES(121,'98','1114 - Al Warqa Pharmacy',1,'new through import_export',8,1,'2025-07-23 09:10:14.769764');
INSERT INTO "django_admin_log" VALUES(122,'99','1113 - Thyba Pharmacy',1,'new through import_export',8,1,'2025-07-23 09:10:14.769793');
INSERT INTO "django_admin_log" VALUES(123,'100','1175 - Avenue Pharmacy L.L.C',1,'new through import_export',8,1,'2025-07-23 09:10:14.769829');
INSERT INTO "django_admin_log" VALUES(124,'101','1184 - AL FAISAL PHARMACY',1,'new through import_export',8,1,'2025-07-23 09:10:14.769859');
INSERT INTO "django_admin_log" VALUES(125,'102','1105 - Union Pharmacy',1,'new through import_export',8,1,'2025-07-23 09:10:14.769892');
INSERT INTO "django_admin_log" VALUES(126,'103','1237 - Access Pharmacy 2',1,'new through import_export',8,1,'2025-07-23 09:10:14.769923');
INSERT INTO "django_admin_log" VALUES(127,'104','1209 - UMM HURAIR PHARMACY',1,'new through import_export',8,1,'2025-07-23 09:10:14.769952');
INSERT INTO "django_admin_log" VALUES(128,'105','1212 - Panacea Pharmacy Madinat',1,'new through import_export',8,1,'2025-07-23 09:10:14.769981');
INSERT INTO "django_admin_log" VALUES(129,'106','1236 - Aster Pharmacy 123 (Br Of Aster ',1,'new through import_export',8,1,'2025-07-23 09:10:14.770009');
INSERT INTO "django_admin_log" VALUES(130,'107','1220 - Aster Pharmacy 111 (Br Of Aster ',1,'new through import_export',8,1,'2025-07-23 09:10:14.770038');
INSERT INTO "django_admin_log" VALUES(131,'108','1216 - Aster Pharmacy 101 (Br Of Aster ',1,'new through import_export',8,1,'2025-07-23 09:10:14.770075');
INSERT INTO "django_admin_log" VALUES(132,'109','1186 - Al Dorra Pharmacy',1,'new through import_export',8,1,'2025-07-23 09:10:14.770110');
INSERT INTO "django_admin_log" VALUES(133,'110','1215 - Aster Pharmacy 110 (Br Of Aster ',1,'new through import_export',8,1,'2025-07-23 09:10:14.770146');
INSERT INTO "django_admin_log" VALUES(134,'111','1234 - ASTER PHARMACY 114',1,'new through import_export',8,1,'2025-07-23 09:10:14.770185');
INSERT INTO "django_admin_log" VALUES(135,'112','1214 - Aster Pharmacy100 (DHCC)',1,'new through import_export',8,1,'2025-07-23 09:10:14.770218');
INSERT INTO "django_admin_log" VALUES(136,'113','1241 - Aster Pharmacy 119',1,'new through import_export',8,1,'2025-07-23 09:10:14.770248');
INSERT INTO "django_admin_log" VALUES(137,'114','1178 - Central Market Pharmacy',1,'new through import_export',8,1,'2025-07-23 09:10:14.770277');
INSERT INTO "django_admin_log" VALUES(138,'115','1160 - Medicom Pharmacy 13 (Home)',1,'new through import_export',8,1,'2025-07-23 09:10:14.770305');
INSERT INTO "django_admin_log" VALUES(139,'116','1242 - Aster Pharmacy 124',1,'new through import_export',8,1,'2025-07-23 09:10:14.770335');
INSERT INTO "django_admin_log" VALUES(140,'117','1309 - ASTER PHARMACY 130',1,'new through import_export',8,1,'2025-07-23 09:10:14.770366');
INSERT INTO "django_admin_log" VALUES(141,'118','1130 - Al Raha Pharmacy',1,'new through import_export',8,1,'2025-07-23 09:10:14.770399');
INSERT INTO "django_admin_log" VALUES(142,'119','1203 - ASTER PHARMACY 1',1,'new through import_export',8,1,'2025-07-23 09:10:14.770428');
INSERT INTO "django_admin_log" VALUES(143,'120','1270 - ASTER PHARMACY 147',1,'new through import_export',8,1,'2025-07-23 09:10:14.770458');
INSERT INTO "django_admin_log" VALUES(144,'121','1152 - Medicom Pharmacy 5 ( Em.Co-Op)',1,'new through import_export',8,1,'2025-07-23 09:10:14.770486');
INSERT INTO "django_admin_log" VALUES(145,'122','1143 - ALFA PHARMACY',1,'new through import_export',8,1,'2025-07-23 09:10:14.770517');
INSERT INTO "django_admin_log" VALUES(146,'123','3004 - BELEAF NUTRITION 7',1,'new through import_export',8,1,'2025-07-23 09:10:14.770564');
INSERT INTO "django_admin_log" VALUES(147,'124','1110 - Asma Pharmacy',1,'new through import_export',8,1,'2025-07-23 09:10:14.770599');
INSERT INTO "django_admin_log" VALUES(148,'125','1326 - Aster Pharmacy 164',1,'new through import_export',8,1,'2025-07-23 09:10:14.770633');
INSERT INTO "django_admin_log" VALUES(149,'126','1336 - Aster Pharmacy 148',1,'new through import_export',8,1,'2025-07-23 09:10:14.770686');
INSERT INTO "django_admin_log" VALUES(150,'127','1325 - Aster Pharmacies Group  L.L.C - ',1,'new through import_export',8,1,'2025-07-23 09:10:14.770738');
INSERT INTO "django_admin_log" VALUES(151,'128','1332 - Aster pharmacies group llc-shj.b',1,'new through import_export',8,1,'2025-07-23 09:10:14.770794');
INSERT INTO "django_admin_log" VALUES(152,'129','1265 - Aster Pharmacies Group LLC- Bran',1,'new through import_export',8,1,'2025-07-23 09:10:14.770835');
INSERT INTO "django_admin_log" VALUES(153,'130','1289 - Aster Pharmacies Group LLC- Bran',1,'new through import_export',8,1,'2025-07-23 09:10:14.770862');
INSERT INTO "django_admin_log" VALUES(154,'131','1321 - Aster Pharmacies Group  L.L.C - ',1,'new through import_export',8,1,'2025-07-23 09:10:14.770896');
INSERT INTO "django_admin_log" VALUES(155,'132','1297 - Aster Pharmacies Group  L.L.C - ',1,'new through import_export',8,1,'2025-07-23 09:10:14.770915');
INSERT INTO "django_admin_log" VALUES(156,'133','1103 - Juma Pharmacy',1,'new through import_export',8,1,'2025-07-23 09:10:14.770930');
INSERT INTO "django_admin_log" VALUES(157,'134','1299 - Aster Pharmacy 152 (Br Of Aster ',1,'new through import_export',8,1,'2025-07-23 09:10:14.770945');
INSERT INTO "django_admin_log" VALUES(158,'135','1290 - Aster Pharmacy 143 (Br Of Aster ',1,'new through import_export',8,1,'2025-07-23 09:10:14.770957');
INSERT INTO "django_admin_log" VALUES(159,'136','1284 - Aster Pharmacies Group  L.L.C- B',1,'new through import_export',8,1,'2025-07-23 09:10:14.770969');
INSERT INTO "django_admin_log" VALUES(160,'137','1264 - Aster Pharmacy 136(Br Of Aster P',1,'new through import_export',8,1,'2025-07-23 09:10:14.770981');
INSERT INTO "django_admin_log" VALUES(161,'138','1248 - Aster Pharmacy 115 (Br Of Aster ',1,'new through import_export',8,1,'2025-07-23 09:10:14.770993');
INSERT INTO "django_admin_log" VALUES(162,'139','1156 - Medicom Pharmacy 9 (Qemma)',1,'new through import_export',8,1,'2025-07-23 09:10:14.771005');
INSERT INTO "django_admin_log" VALUES(163,'140','1144 - Medicine Shoppe Micro Pharmacy',1,'new through import_export',8,1,'2025-07-23 09:10:14.771017');
INSERT INTO "django_admin_log" VALUES(164,'141','1316 - Zabeel Pharmacy (LLC)',1,'new through import_export',8,1,'2025-07-23 09:10:14.771030');
INSERT INTO "django_admin_log" VALUES(165,'142','1227 - Access Al Qouz Pharmacy (Br Of A',1,'new through import_export',8,1,'2025-07-23 09:10:14.771042');
INSERT INTO "django_admin_log" VALUES(166,'143','3000 - Beleaf Br 1',1,'new through import_export',8,1,'2025-07-23 09:10:14.771054');
INSERT INTO "django_admin_log" VALUES(167,'144','1246 - Aster Pharmacy 127 (Br Of Aster ',1,'new through import_export',8,1,'2025-07-23 09:10:14.771066');
INSERT INTO "django_admin_log" VALUES(168,'145','1208 - Aster Pharmacy 3 (Br Of Aster Ph',1,'new through import_export',8,1,'2025-07-23 09:10:14.771078');
INSERT INTO "django_admin_log" VALUES(169,'146','1177 - Aster Pharmacy (Dubal Branch)',1,'new through import_export',8,1,'2025-07-23 09:10:14.771089');
INSERT INTO "django_admin_log" VALUES(170,'147','1108 - Shindaga Pharmacy',1,'new through import_export',8,1,'2025-07-23 09:10:14.771101');
INSERT INTO "django_admin_log" VALUES(171,'148','1173 - Aster Jebel Ali Pharmacy',1,'new through import_export',8,1,'2025-07-23 09:10:14.771113');
INSERT INTO "django_admin_log" VALUES(172,'149','1342 - Ibn Al Azwar Pharmacy (Br of Ast',1,'new through import_export',8,1,'2025-07-23 09:10:14.771125');
INSERT INTO "django_admin_log" VALUES(173,'150','1142 - Rashid Pharmacy',1,'new through import_export',8,1,'2025-07-23 09:10:14.771140');
INSERT INTO "django_admin_log" VALUES(174,'151','1166 - Aster Pharmacy (Musaffah)',1,'new through import_export',8,1,'2025-07-23 09:10:14.771155');
INSERT INTO "django_admin_log" VALUES(175,'152','1195 - Highway Pharmacy',1,'new through import_export',8,1,'2025-07-23 09:10:14.771183');
INSERT INTO "django_admin_log" VALUES(176,'153','1140 - Medshop - Garden Pharmacy',1,'new through import_export',8,1,'2025-07-23 09:10:14.771197');
INSERT INTO "django_admin_log" VALUES(177,'154','1225 - Aster Pharmacy 118 (Br Of Aster ',1,'new through import_export',8,1,'2025-07-23 09:10:14.771209');
INSERT INTO "django_admin_log" VALUES(178,'155','1260 - Aster Pharmacy 132 (Br Of Aster ',1,'new through import_export',8,1,'2025-07-23 09:10:14.771220');
INSERT INTO "django_admin_log" VALUES(179,'156','1269 - Aster Pharmacy 144(Br Of Aster P',1,'new through import_export',8,1,'2025-07-23 09:10:14.771232');
INSERT INTO "django_admin_log" VALUES(180,'157','1120 - Modern Dar Al Shifa Pharmacy',1,'new through import_export',8,1,'2025-07-23 09:10:14.771245');
INSERT INTO "django_admin_log" VALUES(181,'158','1118 - Rafa Pharmacy',1,'new through import_export',8,1,'2025-07-23 09:10:14.771256');
INSERT INTO "django_admin_log" VALUES(182,'159','1106 - New Al Qouz Pharmacy',1,'new through import_export',8,1,'2025-07-23 09:10:14.771272');
INSERT INTO "django_admin_log" VALUES(183,'160','5001 - MetroMeds Pharmacy',1,'new through import_export',8,1,'2025-07-23 09:10:14.771291');
INSERT INTO "django_admin_log" VALUES(184,'161','1333 - Aster Pharmacy 163',1,'new through import_export',8,1,'2025-07-23 09:10:14.771312');
INSERT INTO "django_admin_log" VALUES(185,'162','1322 - Aster Al Shafar Pharmacy (Br of ',1,'new through import_export',8,1,'2025-07-23 09:10:14.771331');
INSERT INTO "django_admin_log" VALUES(186,'163','1159 - Medicom Pharmacy 12 (Dubai Centu',1,'new through import_export',8,1,'2025-07-23 09:10:14.771366');
INSERT INTO "django_admin_log" VALUES(187,'164','1328 - Aster Pharmacy 161',1,'new through import_export',8,1,'2025-07-23 09:10:14.771400');
INSERT INTO "django_admin_log" VALUES(188,'165','1324 - Aster Pharmacy 159',1,'new through import_export',8,1,'2025-07-23 09:10:14.771434');
INSERT INTO "django_admin_log" VALUES(189,'166','1319 - Aster Pharmacy 104 Al Warqa',1,'new through import_export',8,1,'2025-07-23 09:10:14.771467');
INSERT INTO "django_admin_log" VALUES(190,'167','1320 - Aster Pharmacy 160 - DIP',1,'new through import_export',8,1,'2025-07-23 09:10:14.771499');
INSERT INTO "django_admin_log" VALUES(191,'168','1315 - Aster Pharmacy 156 - DIC',1,'new through import_export',8,1,'2025-07-23 09:10:14.771526');
INSERT INTO "django_admin_log" VALUES(192,'169','1272 - Aster Pharmacy 137 (Br Of Aster ',1,'new through import_export',8,1,'2025-07-23 09:10:14.771574');
INSERT INTO "django_admin_log" VALUES(193,'170','1261 - Aster Pharmacy 135 (Br Of Aster ',1,'new through import_export',8,1,'2025-07-23 09:10:14.771605');
INSERT INTO "django_admin_log" VALUES(194,'171','1232 - Aster Pharmacy 103(Br Of Aster P',1,'new through import_export',8,1,'2025-07-23 09:10:14.771634');
INSERT INTO "django_admin_log" VALUES(195,'172','1239 - Aster Pharmacy 120 (Br Of Aster ',1,'new through import_export',8,1,'2025-07-23 09:10:14.771662');
INSERT INTO "django_admin_log" VALUES(196,'173','1238 - Aster Pharmacy 106',1,'new through import_export',8,1,'2025-07-23 09:10:14.771692');
INSERT INTO "django_admin_log" VALUES(197,'174','1256 - Aster Pharmacy 108',1,'new through import_export',8,1,'2025-07-23 09:10:14.771724');
INSERT INTO "django_admin_log" VALUES(198,'175','1343 - Aster Pharmacy 117',1,'new through import_export',8,1,'2025-07-23 09:10:14.771758');
INSERT INTO "django_admin_log" VALUES(199,'176','1348 - ASTER PHARMACY 165 (BR OF ASTER ',1,'new through import_export',8,1,'2025-07-23 09:10:14.771797');
INSERT INTO "django_admin_log" VALUES(200,'177','1345 - ASTER PHARMACIES GROUP LLC - SHJ',1,'new through import_export',8,1,'2025-07-23 09:10:14.771830');
INSERT INTO "django_admin_log" VALUES(201,'178','1337 - AL EHSAN PHARMACY (BR OF ASTER P',1,'new through import_export',8,1,'2025-07-23 09:10:14.771864');
INSERT INTO "django_admin_log" VALUES(202,'179','1338 - ACCESS PHARMACY 3 (BR OF ASTER P',1,'new through import_export',8,1,'2025-07-23 09:10:14.771897');
INSERT INTO "django_admin_log" VALUES(203,'180','1339 - Aster Pharmacy 157 (Br of Aster ',1,'new through import_export',8,1,'2025-07-23 09:10:14.771931');
INSERT INTO "django_admin_log" VALUES(204,'181','1341 - Al Shifa Pharmacy (Br of Aster P',1,'new through import_export',8,1,'2025-07-23 09:10:14.771969');
INSERT INTO "django_admin_log" VALUES(205,'182','5002 - Samary Pharmacy Br LLC - Jafza',1,'new through import_export',8,1,'2025-07-23 09:10:14.771991');
INSERT INTO "django_admin_log" VALUES(206,'183','5003 - SAMARY PHARMACY LLC',1,'new through import_export',8,1,'2025-07-23 09:10:14.772005');
INSERT INTO "django_admin_log" VALUES(207,'184','5004 - ZAHRAT AL SHEEFA PHARMACY LLC',1,'new through import_export',8,1,'2025-07-23 09:10:14.772018');
INSERT INTO "django_admin_log" VALUES(208,'185','1349 - Aster Pharmacies Group L.L.C Shj',1,'new through import_export',8,1,'2025-07-23 09:10:14.772030');
INSERT INTO "django_admin_log" VALUES(209,'186','1350 - ASTER PHARMACY 205',1,'new through import_export',8,1,'2025-07-23 09:10:14.772042');
INSERT INTO "django_admin_log" VALUES(210,'187','1352 - Aster Pharmacise Group L.LC Bran',1,'new through import_export',8,1,'2025-07-23 09:10:14.772054');
INSERT INTO "django_admin_log" VALUES(211,'188','1311 - Aster Pharmacy 150 - Marina/Jlt',1,'new through import_export',8,1,'2025-07-23 09:10:14.772066');
INSERT INTO "django_admin_log" VALUES(212,'189','1279 - Aster Pharmacy 141',1,'new through import_export',8,1,'2025-07-23 09:10:14.772078');
INSERT INTO "django_admin_log" VALUES(213,'190','1353 - ASTER NUTRITION (BR OF ASTER PHA',1,'new through import_export',8,1,'2025-07-23 09:10:14.772090');
INSERT INTO "django_admin_log" VALUES(214,'191','1356 - Aster Pharmacies Group L.L.C Bra',1,'new through import_export',8,1,'2025-07-23 09:10:14.772102');
INSERT INTO "django_admin_log" VALUES(215,'192','1354 - ASTER PHARMACY 170 ( Shoba Hartl',1,'new through import_export',8,1,'2025-07-23 09:10:14.772117');
INSERT INTO "django_admin_log" VALUES(216,'193','1351 - ASTER PHARMACY 162 )BR OF ASTER ',1,'new through import_export',8,1,'2025-07-23 09:10:14.772129');
INSERT INTO "django_admin_log" VALUES(217,'194','1355 - Aster Pharmacy 142 (Dubai Creek ',1,'new through import_export',8,1,'2025-07-23 09:10:14.772141');
INSERT INTO "django_admin_log" VALUES(218,'195','1331 - ASTER PHARMACY 206 (DUBAI MALL)',1,'new through import_export',8,1,'2025-07-23 09:10:14.772153');
INSERT INTO "django_admin_log" VALUES(219,'196','1357 - ASTER PHARMACIES GROUP L.L.C Bra',1,'new through import_export',8,1,'2025-07-23 09:10:14.772165');
INSERT INTO "django_admin_log" VALUES(220,'197','AO001 - ASTER OPTICS - Bur Dubai',1,'new through import_export',8,1,'2025-07-23 09:10:14.772176');
INSERT INTO "django_admin_log" VALUES(221,'198','AO003 - ASTER OPTICS 3 - KARAMA',1,'new through import_export',8,1,'2025-07-23 09:10:14.772195');
INSERT INTO "django_admin_log" VALUES(222,'199','AO004 - Aster Optics 4 - Qusais',1,'new through import_export',8,1,'2025-07-23 09:10:14.772216');
INSERT INTO "django_admin_log" VALUES(223,'200','AO005 - ASTER OPTICS 6- DISCOVERY GARDEN',1,'new through import_export',8,1,'2025-07-23 09:10:14.772236');
INSERT INTO "django_admin_log" VALUES(224,'201','AO008 - ASTER OPTICS 5 - MEDCARE ',1,'new through import_export',8,1,'2025-07-23 09:10:14.772249');
INSERT INTO "django_admin_log" VALUES(225,'202','GO001 - Grand optics Ajman',1,'new through import_export',8,1,'2025-07-23 09:10:14.772262');
INSERT INTO "django_admin_log" VALUES(226,'203','GO002 - Grand Optics Al Qouz',1,'new through import_export',8,1,'2025-07-23 09:10:14.772277');
INSERT INTO "django_admin_log" VALUES(227,'204','GO003 - Grand Optics Arabian Ranches',1,'new through import_export',8,1,'2025-07-23 09:10:14.772288');
INSERT INTO "django_admin_log" VALUES(228,'205','GO004 - Grand Optics Deira City Center',1,'new through import_export',8,1,'2025-07-23 09:10:14.772300');
INSERT INTO "django_admin_log" VALUES(229,'206','GO005 - Grand Optics Dubai Mall',1,'new through import_export',8,1,'2025-07-23 09:10:14.772312');
INSERT INTO "django_admin_log" VALUES(230,'207','GO006 - Grand Optics Galleries Lafayette',1,'new through import_export',8,1,'2025-07-23 09:10:14.772324');
INSERT INTO "django_admin_log" VALUES(231,'208','8011 - Grand Optics Jumeirah Coop',1,'new through import_export',8,1,'2025-07-23 09:10:14.772335');
INSERT INTO "django_admin_log" VALUES(232,'209','GO008 - Grand Optics Jurainah',1,'new through import_export',8,1,'2025-07-23 09:10:14.772347');
INSERT INTO "django_admin_log" VALUES(233,'210','GO009 - Grand Optics Mall Of Emirates',1,'new through import_export',8,1,'2025-07-23 09:10:14.772359');
INSERT INTO "django_admin_log" VALUES(234,'211','GO010 - Grand Optics Mirdiff City Center',1,'new through import_export',8,1,'2025-07-23 09:10:14.772370');
INSERT INTO "django_admin_log" VALUES(235,'212','GO011 - Grand Optics Raha Gardens',1,'new through import_export',8,1,'2025-07-23 09:10:14.772382');
INSERT INTO "django_admin_log" VALUES(236,'213','GO012 - Grand Optics GS Ajman',1,'new through import_export',8,1,'2025-07-23 09:10:14.772394');
INSERT INTO "django_admin_log" VALUES(237,'214','GO013 - Grand Optics Meadows ',1,'new through import_export',8,1,'2025-07-23 09:10:14.772405');
INSERT INTO "django_admin_log" VALUES(238,'215','AO007 - Aster Optics 7',1,'new through import_export',8,1,'2025-07-23 09:10:14.772417');
INSERT INTO "django_admin_log" VALUES(239,'216','AO009 - Aster Optics 1',1,'new through import_export',8,1,'2025-07-23 09:10:14.772431');
INSERT INTO "django_admin_log" VALUES(240,'217','AO010 - Aster Optics 2 Br of Aster Optic',1,'new through import_export',8,1,'2025-07-23 09:10:14.772443');
INSERT INTO "django_admin_log" VALUES(241,'218','1358 - Aster Pharmacy 173 BR OF ASTER P',1,'new through import_export',8,1,'2025-07-23 09:10:14.772455');
INSERT INTO "django_admin_log" VALUES(242,'219','1359 - ASTER PHARMACY 167 (BR OF ASTER ',1,'new through import_export',8,1,'2025-07-23 09:10:14.772466');
INSERT INTO "django_admin_log" VALUES(243,'220','1362 - ASTER PHARMACY 168',1,'new through import_export',8,1,'2025-07-23 09:10:14.772478');
INSERT INTO "django_admin_log" VALUES(244,'221','1360 - Aster Pharmacy 172',1,'new through import_export',8,1,'2025-07-23 09:10:14.772489');
INSERT INTO "django_admin_log" VALUES(245,'222','No Store ID - Alfaone FZ L.L.C.(Scientific Off',1,'new through import_export',8,1,'2025-07-23 09:10:14.772501');
INSERT INTO "django_admin_log" VALUES(246,'223','AO011 - ASTER OPTICS 8 - AL WARQA',1,'new through import_export',8,1,'2025-07-23 09:10:14.772513');
INSERT INTO "django_admin_log" VALUES(247,'224','1361 - Medcare Medical Center Pharmacy ',1,'new through import_export',8,1,'2025-07-23 09:10:14.772525');
INSERT INTO "django_admin_log" VALUES(248,'225','1367 - ASTER PHARMACIES GROUP LLC (DMCC',1,'new through import_export',8,1,'2025-07-23 09:10:14.772536');
INSERT INTO "django_admin_log" VALUES(249,'226','1371 - Aster Pharmacy 175 Br of Aster P',1,'new through import_export',8,1,'2025-07-23 09:10:14.772558');
INSERT INTO "django_admin_log" VALUES(250,'227','1364 - ASTER PHARMACIES GROUP L.L.C ABU',1,'new through import_export',8,1,'2025-07-23 09:10:14.772583');
INSERT INTO "django_admin_log" VALUES(251,'228','1370 - Aster Pharmacy 169 (Br of Aster ',1,'new through import_export',8,1,'2025-07-23 09:10:14.772597');
INSERT INTO "django_admin_log" VALUES(252,'229','1368 - AL OLA PHARMACY LLC BR. ASTER PH',1,'new through import_export',8,1,'2025-07-23 09:10:14.772612');
INSERT INTO "django_admin_log" VALUES(253,'230','1369 - ASTER PHARMACIES GROUP LLC -  UA',1,'new through import_export',8,1,'2025-07-23 09:10:14.772625');
INSERT INTO "django_admin_log" VALUES(254,'231','1373 - ASTER PHARMACY 160',1,'new through import_export',8,1,'2025-07-23 09:10:14.772637');
INSERT INTO "django_admin_log" VALUES(255,'232','1363 - ASTER PHARMACIES GROUP L.L.C (Br',1,'new through import_export',8,1,'2025-07-23 09:10:14.772649');
INSERT INTO "django_admin_log" VALUES(256,'233','AO012 - Aster Opticals L.L.C Branch of A',1,'new through import_export',8,1,'2025-07-23 09:10:14.772661');
INSERT INTO "django_admin_log" VALUES(257,'234','1365 - ASTER PHARMACIES GROUP L.L.C BRA',1,'new through import_export',8,1,'2025-07-23 09:10:14.772673');
INSERT INTO "django_admin_log" VALUES(258,'235','1375 - ASTER MEDICAL CENTRE ARABIAN RAN',1,'new through import_export',8,1,'2025-07-23 09:10:14.772686');
INSERT INTO "django_admin_log" VALUES(259,'236','1366 - ASTER PHARMACIES GROUP L.L.C ABU',1,'new through import_export',8,1,'2025-07-23 09:10:14.772698');
INSERT INTO "django_admin_log" VALUES(260,'237','1374 - Dragon Pharmacy (Al Furjan)',1,'new through import_export',8,1,'2025-07-23 09:10:14.772709');
INSERT INTO "django_admin_log" VALUES(261,'238','AO013 - Aster Opticals L.L.C Shj Br (Cen',1,'new through import_export',8,1,'2025-07-23 09:10:14.772721');
INSERT INTO "django_admin_log" VALUES(262,'239','AO014 - Aster Opticals L.L.C Branch Abud',1,'new through import_export',8,1,'2025-07-23 09:10:14.772732');
INSERT INTO "django_admin_log" VALUES(263,'240','AO015 - Aster Optics 9 Blue Water',1,'new through import_export',8,1,'2025-07-23 09:10:14.772744');
INSERT INTO "django_admin_log" VALUES(264,'241','1376 - ASTER PHARMACIES GROUP L.L.C BRA',1,'new through import_export',8,1,'2025-07-23 09:10:14.772756');
INSERT INTO "django_admin_log" VALUES(265,'242','AO016 - Aster Opticals L.L.C Branch of A',1,'new through import_export',8,1,'2025-07-23 09:10:14.772768');
INSERT INTO "django_admin_log" VALUES(266,'243','1378 - Aster Pharmacy 166',1,'new through import_export',8,1,'2025-07-23 09:10:14.772779');
INSERT INTO "django_admin_log" VALUES(267,'244','1377 - ASTER PHARMACY 179 (WASL MUHAISN',1,'new through import_export',8,1,'2025-07-23 09:10:14.772791');
INSERT INTO "django_admin_log" VALUES(268,'245','1379 - Aster Pharmacy 182 (Br of Aster ',1,'new through import_export',8,1,'2025-07-23 09:10:14.772803');
INSERT INTO "django_admin_log" VALUES(269,'246','AO017 - Aster Optics 12 (Wasl Village Mu',1,'new through import_export',8,1,'2025-07-23 09:10:14.772816');
INSERT INTO "django_admin_log" VALUES(270,'247','AO018 - ASTER OPTICS 10 (UNION COOP -MOT',1,'new through import_export',8,1,'2025-07-23 09:10:14.772828');
INSERT INTO "django_admin_log" VALUES(271,'248','1381 - ASTER PHARMACY 181(PARK HEIGHTS)',1,'new through import_export',8,1,'2025-07-23 09:10:14.772840');
INSERT INTO "django_admin_log" VALUES(272,'249','1380 - ASTER PHARMACIES GROUP L.L.C BRA',1,'new through import_export',8,1,'2025-07-23 09:10:14.772852');
INSERT INTO "django_admin_log" VALUES(273,'250','1382 - Aster Pharmacy 183 (Art Heights)',1,'new through import_export',8,1,'2025-07-23 09:10:14.772864');
INSERT INTO "django_admin_log" VALUES(274,'251','5006 - Zest Wellness Pharmacy (Waitrose',1,'new through import_export',8,1,'2025-07-23 09:10:14.772875');
INSERT INTO "django_admin_log" VALUES(275,'252','1384 - ASTER PHARMACY 180 (EXPRESS CLIN',1,'new through import_export',8,1,'2025-07-23 09:10:14.772887');
INSERT INTO "django_admin_log" VALUES(276,'253','1334 - Aster Pharmacy 149 (Br Of Aster ',1,'new through import_export',8,1,'2025-07-23 09:10:14.772900');
INSERT INTO "django_admin_log" VALUES(277,'254','1385 - Aster Royal Clinic Downtown Phar',1,'new through import_export',8,1,'2025-07-23 09:10:14.772912');
INSERT INTO "django_admin_log" VALUES(278,'255','1383 - Aster Pharmacy 176(Liwan)',1,'new through import_export',8,1,'2025-07-23 09:10:14.772924');
INSERT INTO "django_admin_log" VALUES(279,'256','1387 - Aster Pharmacy 174 (TAG) ',1,'new through import_export',8,1,'2025-07-23 09:10:14.772936');
INSERT INTO "django_admin_log" VALUES(280,'257','1389 - ASTER PHARMACY 184 (ZADA Damac B',1,'new through import_export',8,1,'2025-07-23 09:10:14.772948');
INSERT INTO "django_admin_log" VALUES(281,'258','1388 - ASTER PHARMACIES GROUP L.L.C - A',1,'new through import_export',8,1,'2025-07-23 09:10:14.772960');
INSERT INTO "django_admin_log" VALUES(282,'259','1392 - ASTER PHARMACIES GROUP L.L.C - B',1,'new through import_export',8,1,'2025-07-23 09:10:14.772971');
INSERT INTO "django_admin_log" VALUES(283,'260','1391 - ASTER PHARMACIES GROUP L.L.C - B',1,'new through import_export',8,1,'2025-07-23 09:10:14.772983');
INSERT INTO "django_admin_log" VALUES(284,'261','1390 - AL SHUALLA PHARMACY',1,'new through import_export',8,1,'2025-07-23 09:10:14.772996');
INSERT INTO "django_admin_log" VALUES(285,'262','5007 - ZEST PHARMACY 1 (BR OF ZEST WELL',1,'new through import_export',8,1,'2025-07-23 09:10:14.773007');
INSERT INTO "django_admin_log" VALUES(286,'263','1399 - ASTER PHARMACY 157 (BR OF ASTER ',1,'new through import_export',8,1,'2025-07-23 09:10:14.773019');
INSERT INTO "django_admin_log" VALUES(287,'264','1398 - ASTER PHARMACY 126 (BR OF ASTER ',1,'new through import_export',8,1,'2025-07-23 09:10:14.773030');
INSERT INTO "django_admin_log" VALUES(288,'265','1503 - ASTER PHARMACY 189 (BR OF ASTER ',1,'new through import_export',8,1,'2025-07-23 09:10:14.773042');
INSERT INTO "django_admin_log" VALUES(289,'266','1395 - SHINDAGHA PHARMACY (VERVE VILLAS',1,'new through import_export',8,1,'2025-07-23 09:10:14.773054');
INSERT INTO "django_admin_log" VALUES(290,'267','1396 - ASTER PHARMACY 178 BR OF ASTER P',1,'new through import_export',8,1,'2025-07-23 09:10:14.773069');
INSERT INTO "django_admin_log" VALUES(291,'268','1394 - ASTER PHARMACIES GROUP LLC Fujai',1,'new through import_export',8,1,'2025-07-23 09:10:14.773081');
INSERT INTO "django_admin_log" VALUES(292,'269','1397 - Medicom Pharmacy 1 (Br of Aster ',1,'new through import_export',8,1,'2025-07-23 09:10:14.773093');
INSERT INTO "django_admin_log" VALUES(293,'270','AO019 - ASTER OPTICS 11 (BR OF ASTER OPT',1,'new through import_export',8,1,'2025-07-23 09:10:14.773105');
INSERT INTO "django_admin_log" VALUES(294,'271','1505 - ASTER PHARMACIES GROUP LLC-SHJ B',1,'new through import_export',8,1,'2025-07-23 09:10:14.773118');
INSERT INTO "django_admin_log" VALUES(295,'272','1501 - ASTER PHARMACIES GROUP L.L.C - B',1,'new through import_export',8,1,'2025-07-23 09:10:14.773130');
INSERT INTO "django_admin_log" VALUES(296,'273','1502 - ASTER PHARMACY 188 (BR OF ASTER ',1,'new through import_export',8,1,'2025-07-23 09:10:14.773142');
INSERT INTO "django_admin_log" VALUES(297,'274','AO020 / 8029 - Aster Opticals Mankhool',1,'new through import_export',8,1,'2025-07-23 09:10:14.773153');
INSERT INTO "django_admin_log" VALUES(298,'275','1507 - Aster Pharmacy -155 (BR OF ASTER',1,'new through import_export',8,1,'2025-07-23 09:10:14.773165');
INSERT INTO "django_admin_log" VALUES(299,'276','1504 - ASTER Royal Clinic Spring Souk (',1,'new through import_export',8,1,'2025-07-23 09:10:14.773176');
INSERT INTO "django_admin_log" VALUES(300,'277','1506 - Aster Pharmacy Branch-1, Halwan',1,'new through import_export',8,1,'2025-07-23 09:10:14.773188');
INSERT INTO "django_admin_log" VALUES(301,'278','1508 - Medcare Medical center Al Furjan',1,'new through import_export',8,1,'2025-07-23 09:10:14.773201');
INSERT INTO "django_admin_log" VALUES(302,'279','1512 - Aster Pharmacy 185 (Br of Aster ',1,'new through import_export',8,1,'2025-07-23 09:10:14.773213');
INSERT INTO "django_admin_log" VALUES(303,'280','1511 - Aster Pharmacy 187 (BR OF ASTER ',1,'new through import_export',8,1,'2025-07-23 09:10:14.773225');
INSERT INTO "django_admin_log" VALUES(304,'281','1510 - ASTER PHARMACIES GROUP LLC - SHJ',1,'new through import_export',8,1,'2025-07-23 09:10:14.773237');
INSERT INTO "django_admin_log" VALUES(305,'282','1509 - Union Pharmacy (Br of Aster Phar',1,'new through import_export',8,1,'2025-07-23 09:10:14.773248');
INSERT INTO "django_admin_log" VALUES(306,'283','1513 - IQRA PHARMACY (BR OF ASTER PHARM',1,'new through import_export',8,1,'2025-07-23 09:10:14.773260');
INSERT INTO "django_admin_log" VALUES(307,'284','1514 - ASTER PHARMACIES GROUP LLC SHJ B',1,'new through import_export',8,1,'2025-07-23 09:10:14.773272');
INSERT INTO "django_admin_log" VALUES(308,'285','8034 - Lunettes house of  Quality Optic',1,'new through import_export',8,1,'2025-07-23 09:10:14.773284');
INSERT INTO "django_admin_log" VALUES(309,'286','1516 - Palm Jumeira medcare ',1,'new through import_export',8,1,'2025-07-23 09:10:14.773435');
INSERT INTO "django_admin_log" VALUES(310,'287','1515 - ASTER JEBEL ALI PHARMACY- ONE OF',1,'new through import_export',8,1,'2025-07-23 09:10:14.773455');
INSERT INTO "django_admin_log" VALUES(311,'288','5008 - ZEST WELLNESS PHARMACY L LC - SH',1,'new through import_export',8,1,'2025-07-23 09:10:14.773466');
INSERT INTO "django_admin_log" VALUES(312,'289','1517 - Elite Downtown- Aster 191',1,'new through import_export',8,1,'2025-07-23 09:10:14.773477');
INSERT INTO "django_admin_log" VALUES(313,'290','1521 - Azizi Riviera- Aster 196',1,'new through import_export',8,1,'2025-07-23 09:10:14.773489');
INSERT INTO "django_admin_log" VALUES(314,'291','1519 - No One  Suites Shaikh Zayad- Ast',1,'new through import_export',8,1,'2025-07-23 09:10:14.773500');
INSERT INTO "django_admin_log" VALUES(315,'292','8033 - Lunettes House of Quality Optics',1,'new through import_export',8,1,'2025-07-23 09:10:14.773512');
INSERT INTO "django_admin_log" VALUES(316,'293','1523 - ASTER PHARMACY 177 (BR OF ASTER ',1,'new through import_export',8,1,'2025-07-23 09:10:14.773525');
INSERT INTO "django_admin_log" VALUES(317,'294','1520 - ASTER PHARMACY 195 (BR OF ASTER ',1,'new through import_export',8,1,'2025-07-23 09:10:14.773537');
INSERT INTO "django_admin_log" VALUES(318,'295','1525 - ASTER PHARMACY 171 BR OF ASTER P',1,'new through import_export',8,1,'2025-07-23 09:10:14.773554');
INSERT INTO "django_admin_log" VALUES(319,'296','1527 - ASTER PHARMACY 197 (BR OF ASTER ',1,'new through import_export',8,1,'2025-07-23 09:10:14.773566');
INSERT INTO "django_admin_log" VALUES(320,'297','1518 - Aster Pharmacy 194 (BR OF ASTER ',1,'new through import_export',8,1,'2025-07-23 09:10:14.773578');
INSERT INTO "django_admin_log" VALUES(321,'298','8037 - Aster optics Triano',1,'new through import_export',8,1,'2025-07-23 09:10:14.773589');
INSERT INTO "django_admin_log" VALUES(322,'299','1530 - JLT MEDORE',1,'new through import_export',8,1,'2025-07-23 09:10:14.773601');
INSERT INTO "django_admin_log" VALUES(323,'300','1524 - Medcare Medical Centre The Valle',1,'new through import_export',8,1,'2025-07-23 09:10:14.773612');
INSERT INTO "django_admin_log" VALUES(324,'301','1526 - Medcare Medical Centre Arabian R',1,'new through import_export',8,1,'2025-07-23 09:10:14.773625');
INSERT INTO "django_admin_log" VALUES(325,'302','1529 - Medcare Medical Center Nad Al Sh',1,'new through import_export',8,1,'2025-07-23 09:10:14.773640');
INSERT INTO "django_admin_log" VALUES(326,'303','1531 - Aster Pharmacy 208 Curve By Sent',1,'new through import_export',8,1,'2025-07-23 09:10:14.773676');
INSERT INTO "django_admin_log" VALUES(327,'304','1532 - Aster Pharmacy 211 Azizi Rivera ',1,'new through import_export',8,1,'2025-07-23 09:10:14.773713');
INSERT INTO "django_admin_log" VALUES(328,'305','8036 - Aster Optics 13 Br of Aster Opti',1,'new through import_export',8,1,'2025-07-23 09:10:14.773744');
INSERT INTO "django_admin_log" VALUES(329,'306','8038 - Aster Opticals LLC - Umm Al Quwa',1,'new through import_export',8,1,'2025-07-23 09:10:14.773778');
INSERT INTO "django_admin_log" VALUES(330,'5','Barcode Printer - ]C0D6J242006178',2,'[{"changed": {"fields": ["Current location", "Current custodian"]}}]',7,1,'2025-07-23 09:13:05.346029');
INSERT INTO "django_admin_log" VALUES(331,'5','Barcode Printer - ]C0D6J242006178',2,'[{"changed": {"fields": ["Current location", "Working status", "Current custodian"]}}]',7,1,'2025-07-23 09:16:06.180853');
INSERT INTO "django_admin_log" VALUES(332,'5','Barcode Printer - ]C0D6J242006178',2,'[{"changed": {"fields": ["Working status"]}}]',7,1,'2025-07-23 09:24:01.326344');
INSERT INTO "django_admin_log" VALUES(333,'4','Barcode Printer - ]C0D6J242006179',2,'[{"changed": {"fields": ["Current location", "Working status", "Current custodian"]}}]',7,1,'2025-07-23 09:24:57.241910');
INSERT INTO "django_admin_log" VALUES(334,'3','Barcode Printer - ]C0D6J242006179-1',2,'[{"changed": {"fields": ["Current location", "Working status", "Current custodian"]}}]',7,1,'2025-07-23 09:25:16.465389');
INSERT INTO "django_admin_log" VALUES(335,'2','Barcode Printer - ]C0D6J242006180',2,'[{"changed": {"fields": ["Current location", "Working status", "Current custodian"]}}]',7,1,'2025-07-23 09:25:38.625037');
INSERT INTO "django_admin_log" VALUES(336,'3','Barcode Printer - ]C0D6J242006179-1',2,'[{"changed": {"fields": ["Current location"]}}]',7,1,'2025-07-23 10:24:01.446931');
INSERT INTO "django_admin_log" VALUES(337,'5','Barcode Printer - ]C0D6J242006178',2,'[{"changed": {"fields": ["Current location", "Current custodian"]}}]',7,1,'2025-07-23 10:24:17.676786');
INSERT INTO "django_admin_log" VALUES(338,'2','Barcode Printer - ]C0D6J242006180',2,'[{"changed": {"fields": ["Current location"]}}]',7,1,'2025-07-23 10:24:34.647999');
INSERT INTO "django_admin_log" VALUES(339,'5','Barcode Printer - D6J241708750',2,'[{"changed": {"fields": ["Model", "Serial number"]}}]',7,1,'2025-07-24 07:32:23.852418');
INSERT INTO "django_admin_log" VALUES(340,'307','0 - first',1,'[{"added": {}}]',8,1,'2025-07-24 07:36:16.619830');
INSERT INTO "django_admin_log" VALUES(341,'4','Barcode Printer - 54J1434000051',2,'[{"changed": {"fields": ["Model", "Invoice number", "Serial number", "Store"]}}]',7,1,'2025-07-24 07:36:20.506979');
INSERT INTO "django_admin_log" VALUES(342,'5','Barcode Printer - Out Transit',2,'[{"changed": {"fields": ["Serial number", "Current custodian"]}}]',7,1,'2025-07-24 07:40:42.292430');
INSERT INTO "django_admin_log" VALUES(343,'5','Barcode Printer - D6J241708750',2,'[{"changed": {"fields": ["Serial number", "Current location"]}}]',7,1,'2025-07-24 07:44:38.399961');
INSERT INTO "django_admin_log" VALUES(344,'4','Barcode Printer - 54J1434000051',2,'[{"changed": {"fields": ["Current custodian"]}}]',7,1,'2025-07-24 07:48:54.668530');
INSERT INTO "django_admin_log" VALUES(345,'4','boss',1,'[{"added": {}}]',4,1,'2025-07-24 07:51:23.839342');
INSERT INTO "django_admin_log" VALUES(346,'4','boss',2,'[{"changed": {"fields": ["Groups"]}}]',4,1,'2025-07-24 07:51:47.942274');
INSERT INTO "django_admin_log" VALUES(347,'6','All in one printer - VNF4D39269',1,'[{"added": {}}]',7,1,'2025-07-24 08:41:06.303320');
INSERT INTO "django_admin_log" VALUES(348,'4','Barcode Printer - 54J1434000051',2,'[{"changed": {"fields": ["Working status"]}}]',7,1,'2025-07-24 08:42:41.156611');
INSERT INTO "django_admin_log" VALUES(349,'6','All in one printer - VNF4D39269',2,'[{"changed": {"fields": ["Current custodian"]}}]',7,1,'2025-07-24 08:44:48.134879');
INSERT INTO "django_admin_log" VALUES(350,'3','Barcode Printer - ]C0D6J242006179-1',2,'[{"changed": {"fields": ["Current location", "Current custodian"]}}]',7,1,'2025-07-24 14:50:33.879258');
INSERT INTO "django_admin_log" VALUES(351,'2','Barcode Printer - ]C0D6J242006180',2,'[{"changed": {"fields": ["Current location", "Current custodian"]}}]',7,1,'2025-07-24 14:50:54.573074');
INSERT INTO "django_admin_log" VALUES(352,'3','Barcode Printer - ]C0D6J242006179-1',3,'',7,1,'2025-07-24 19:05:42.139161');
INSERT INTO "django_admin_log" VALUES(353,'2','Barcode Printer - ]C0D6J242006180',3,'',7,1,'2025-07-24 19:05:42.139193');
CREATE TABLE "django_content_type" ("id" integer NOT NULL PRIMARY KEY AUTOINCREMENT, "app_label" varchar(100) NOT NULL, "model" varchar(100) NOT NULL);
INSERT INTO "django_content_type" VALUES(1,'admin','logentry');
INSERT INTO "django_content_type" VALUES(2,'auth','permission');
INSERT INTO "django_content_type" VALUES(3,'auth','group');
INSERT INTO "django_content_type" VALUES(4,'auth','user');
INSERT INTO "django_content_type" VALUES(5,'contenttypes','contenttype');
INSERT INTO "django_content_type" VALUES(6,'sessions','session');
INSERT INTO "django_content_type" VALUES(7,'inventory','asset');
INSERT INTO "django_content_type" VALUES(8,'inventory','store');
INSERT INTO "django_content_type" VALUES(9,'inventory','returnnote');
CREATE TABLE "django_migrations" ("id" integer NOT NULL PRIMARY KEY AUTOINCREMENT, "app" varchar(255) NOT NULL, "name" varchar(255) NOT NULL, "applied" datetime NOT NULL);
INSERT INTO "django_migrations" VALUES(1,'contenttypes','0001_initial','2025-07-23 04:24:45.139647');
INSERT INTO "django_migrations" VALUES(2,'auth','0001_initial','2025-07-23 04:24:45.165121');
INSERT INTO "django_migrations" VALUES(3,'admin','0001_initial','2025-07-23 04:24:45.187384');
INSERT INTO "django_migrations" VALUES(4,'admin','0002_logentry_remove_auto_add','2025-07-23 04:24:45.210589');
INSERT INTO "django_migrations" VALUES(5,'admin','0003_logentry_add_action_flag_choices','2025-07-23 04:24:45.221419');
INSERT INTO "django_migrations" VALUES(6,'contenttypes','0002_remove_content_type_name','2025-07-23 04:24:45.247803');
INSERT INTO "django_migrations" VALUES(7,'auth','0002_alter_permission_name_max_length','2025-07-23 04:24:45.267083');
INSERT INTO "django_migrations" VALUES(8,'auth','0003_alter_user_email_max_length','2025-07-23 04:24:45.286118');
INSERT INTO "django_migrations" VALUES(9,'auth','0004_alter_user_username_opts','2025-07-23 04:24:45.299233');
INSERT INTO "django_migrations" VALUES(10,'auth','0005_alter_user_last_login_null','2025-07-23 04:24:45.320998');
INSERT INTO "django_migrations" VALUES(11,'auth','0006_require_contenttypes_0002','2025-07-23 04:24:45.328936');
INSERT INTO "django_migrations" VALUES(12,'auth','0007_alter_validators_add_error_messages','2025-07-23 04:24:45.345502');
INSERT INTO "django_migrations" VALUES(13,'auth','0008_alter_user_username_max_length','2025-07-23 04:24:45.364237');
INSERT INTO "django_migrations" VALUES(14,'auth','0009_alter_user_last_name_max_length','2025-07-23 04:24:45.381982');
INSERT INTO "django_migrations" VALUES(15,'auth','0010_alter_group_name_max_length','2025-07-23 04:24:45.399265');
INSERT INTO "django_migrations" VALUES(16,'auth','0011_update_proxy_permissions','2025-07-23 04:24:45.411948');
INSERT INTO "django_migrations" VALUES(17,'auth','0012_alter_user_first_name_max_length','2025-07-23 04:24:45.430059');
INSERT INTO "django_migrations" VALUES(18,'inventory','0001_initial','2025-07-23 04:24:45.441606');
INSERT INTO "django_migrations" VALUES(19,'inventory','0002_asset_warranty_end_date_alter_asset_id','2025-07-23 04:24:45.455631');
INSERT INTO "django_migrations" VALUES(20,'inventory','0003_alter_asset_working_status','2025-07-23 04:24:45.464193');
INSERT INTO "django_migrations" VALUES(21,'inventory','0004_store','2025-07-23 04:24:45.475796');
INSERT INTO "django_migrations" VALUES(22,'inventory','0005_asset_store','2025-07-23 04:24:45.491766');
INSERT INTO "django_migrations" VALUES(23,'sessions','0001_initial','2025-07-23 04:24:45.506986');
INSERT INTO "django_migrations" VALUES(24,'inventory','0006_asset_location_last_updated_returnnote','2025-07-24 10:55:06.271112');
CREATE TABLE "django_session" ("session_key" varchar(40) NOT NULL PRIMARY KEY, "session_data" text NOT NULL, "expire_date" datetime NOT NULL);
INSERT INTO "django_session" VALUES('s1nkp5ny0oee7i3wdgflybowq4m3osxx','.eJxVjEEOwiAQRe_C2hAGKFSX7nsGMjCDVA0kpV0Z765NutDtf-_9lwi4rSVsnZcwk7gIEKffLWJ6cN0B3bHemkytrssc5a7Ig3Y5NeLn9XD_Dgr28q2dJyDUymptTUTKlofR54jgjPPsY44-sc3sVFYAYGA0gINDVmjprMT7A-jcN-Y:1ueUWo:26snq7d8cOzIJnVuJSDuu2kUmJ0QXRcOdpy_TeLwNqI','2025-08-06 08:08:42.167108');
INSERT INTO "django_session" VALUES('yv9ilbc4tkt895wz4n8h5tp2tilc078z','.eJxVjEEOgjAQRe_StWnsUCjj0j1nINOZqUVNSSisjHdXEha6_e-9_zIjbWset6rLOIm5GDCn3y0SP7TsQO5UbrPluazLFO2u2INWO8yiz-vh_h1kqvlbB04efSvcRGhFI4BoSG0nEBuH6IGjS74HJnTICTT0CtgRntU1TMG8P_Z6OD8:1ueWLs:PG6n8HyVNibDDdMX1lyubRyBSrjrdVwN4koqe_j4Uuo','2025-08-06 10:05:32.511090');
INSERT INTO "django_session" VALUES('b97qimgs4th6vxtwflxyb4nol54dy9fd','.eJxVjEEOgjAQRe_StWnsUCjj0j1nINOZqUVNSSisjHdXEha6_e-9_zIjbWset6rLOIm5GDCn3y0SP7TsQO5UbrPluazLFO2u2INWO8yiz-vh_h1kqvlbB04efSvcRGhFI4BoSG0nEBuH6IGjS74HJnTICTT0CtgRntU1TMG8P_Z6OD8:1ueqWf:mzUWfScveaWMnwPeR5bJwxMegn3T3A8hlVbD-ydPvAg','2025-08-07 07:38:01.018792');
INSERT INTO "django_session" VALUES('41c6ytelijumyc3lqj74dukut0ejh1f6','.eJxVjEsKAyEQRO_iOkhji58ss88ZpNU2ThIU5rMacvc4MItkV9R7VbsItK01bAvPYcriKlBcfrtI6cXtAPlJ7dFl6m2dpygPRZ50kfee-X073b-DSksd6wRk0WvUTqMCQB1JjZxVicagK1gKoDc8iLHAyBq81yl7q5y1hcTnC6xUNpA:1ueqkS:FNO8cQnVIVcr1gZ7fHkYGrpv9jQUzOsW5QzEcIh_E5s','2025-08-07 07:52:16.320573');
INSERT INTO "django_session" VALUES('d0ijsmiyn3mrzpuqz5ytnjdidvi7ppqt','.eJxVjEEOgjAQRe_StWnsUCjj0j1nINOZqUVNSSisjHdXEha6_e-9_zIjbWset6rLOIm5GDCn3y0SP7TsQO5UbrPluazLFO2u2INWO8yiz-vh_h1kqvlbB04efSvcRGhFI4BoSG0nEBuH6IGjS74HJnTICTT0CtgRntU1TMG8P_Z6OD8:1ueqpF:NLSmTmsT9n1i7qpY6sUkNDrJdKWa_i0svoerd_8hA1A','2025-08-07 07:57:13.772168');
INSERT INTO "django_session" VALUES('xyi2zam7tmgcu7hgcv2sxy3t5tqnbq4d','.eJxVjEsKAyEQRO_iOkhji58ss88ZpNU2ThIU5rMacvc4MItkV9R7VbsItK01bAvPYcriKlBcfrtI6cXtAPlJ7dFl6m2dpygPRZ50kfee-X073b-DSksd6wRk0WvUTqMCQB1JjZxVicagK1gKoDc8iLHAyBq81yl7q5y1hcTnC6xUNpA:1uerXa:_H1hbRQtYv-7Hbb-7abkQuzLnGZcRkfyKiAEc5C9A-o','2025-08-07 08:43:02.123822');
INSERT INTO "django_session" VALUES('5h9352ga0vflwayeg69pam0grakyvbgt','.eJxVjEsKAyEQRO_iOkhji58ss88ZpNU2ThIU5rMacvc4MItkV9R7VbsItK01bAvPYcriKlBcfrtI6cXtAPlJ7dFl6m2dpygPRZ50kfee-X073b-DSksd6wRk0WvUTqMCQB1JjZxVicagK1gKoDc8iLHAyBq81yl7q5y1hcTnC6xUNpA:1ueuDE:bei8fiE0nf1gH0agHnFoorAicvvN_AQnKH3dINkprrY','2025-08-07 11:34:12.114343');
INSERT INTO "django_session" VALUES('1vfzm5sj5p7mw2cw6qgpd99kj5vthwby','.eJxVjEEOwiAQRe_C2hAGKFSX7nsGMjCDVA0kpV0Z765NutDtf-_9lwi4rSVsnZcwk7gIEKffLWJ6cN0B3bHemkytrssc5a7Ig3Y5NeLn9XD_Dgr28q2dJyDUymptTUTKlofR54jgjPPsY44-sc3sVFYAYGA0gINDVmjprMT7A-jcN-Y:1uf1FR:AZl9mVX2jO4201pYyl68voqaF29VF6Wu_ZXnA1zmC8M','2025-08-07 19:04:57.064302');
INSERT INTO "django_session" VALUES('2lfrvg4psqycan1gcz123yd3zvx28h7o','.eJxVjEEOwiAQRe_C2hAGKFSX7nsGMjCDVA0kpV0Z765NutDtf-_9lwi4rSVsnZcwk7gIEKffLWJ6cN0B3bHemkytrssc5a7Ig3Y5NeLn9XD_Dgr28q2dJyDUymptTUTKlofR54jgjPPsY44-sc3sVFYAYGA0gINDVmjprMT7A-jcN-Y:1uf9GY:z3JOJLzAPIvMwi-tmzGH5CQrztJJftuuvgwAuHpLBpA','2025-08-08 03:38:38.009995');
CREATE TABLE "inventory_asset" ("id" integer NOT NULL PRIMARY KEY AUTOINCREMENT, "item" varchar(100) NOT NULL, "model" varchar(100) NOT NULL, "invoice_number" varchar(100) NOT NULL, "purchase_date" date NOT NULL, "serial_number" varchar(100) NOT NULL UNIQUE, "current_location" varchar(100) NOT NULL, "supplier_name" varchar(100) NOT NULL, "working_status" varchar(50) NOT NULL, "current_custodian" varchar(100) NULL, "quantity" integer unsigned NOT NULL CHECK ("quantity" >= 0), "warranty_end_date" date NULL, "store_id" bigint NULL REFERENCES "inventory_store" ("id") DEFERRABLE INITIALLY DEFERRED, "location_last_updated" datetime NULL);
INSERT INTO "inventory_asset" VALUES(4,'Barcode Printer','Gc420t','-','2025-01-07','54J1434000051','In Transit','ALMOE','Scrap','akshay',1,'2025-07-07',307,NULL);
INSERT INTO "inventory_asset" VALUES(5,'Barcode Printer','ZD421t','-','2025-01-07','D6J241708750','ASTER PHARMACY 170 ( Shoba Hartl','ALMOE','Brand New','1354',1,'2025-07-07',1,NULL);
INSERT INTO "inventory_asset" VALUES(6,'All in one printer','HP LaserJet Pro MFP M130fn','-','2020-01-02','VNF4D39269','In Transit','unknown','Scrap','akshay',1,'2024-06-05',307,NULL);
CREATE TABLE "inventory_returnnote" ("id" integer NOT NULL PRIMARY KEY AUTOINCREMENT, "remarks" text NULL, "condition" varchar(100) NOT NULL, "created_at" datetime NOT NULL, "asset_id" bigint NOT NULL REFERENCES "inventory_asset" ("id") DEFERRABLE INITIALLY DEFERRED);
CREATE TABLE "inventory_store" ("id" integer NOT NULL PRIMARY KEY AUTOINCREMENT, "code" varchar(50) NOT NULL UNIQUE, "name" varchar(100) NOT NULL, "address" text NOT NULL);
INSERT INTO "inventory_store" VALUES(1,'1266','Aster Pharmacy 122','Shop no. 2, Aster Building, Abu Shagara, Sharjah');
INSERT INTO "inventory_store" VALUES(2,'1244','Aster Pharmacy 129 (Br Of Aster ','Morjana Plaza, Al Satwa, Dubai');
INSERT INTO "inventory_store" VALUES(3,'1116','Alqoze Pharmacy','Dubai Pepsi Co. Building, Al Qouz 1, Dubai');
INSERT INTO "inventory_store" VALUES(4,'1258','Aster Pharmacy 125','Al Jawher Building, Al Taawu Street, Sharjah');
INSERT INTO "inventory_store" VALUES(5,'1283','Aster Pharmacy 140','Sultaco Building, King Faisal Road, Al Majaz 1, Sh');
INSERT INTO "inventory_store" VALUES(6,'1268','Aster Pharmacy 133','Aster Building, Al Sharq Street, Sharjah');
INSERT INTO "inventory_store" VALUES(7,'1323','Aster Pharmacy 154','Shop no. 27, Al Aqar Tower 3, Ajman Corniche, Ajma');
INSERT INTO "inventory_store" VALUES(8,'1330','ASTER PHARMACIES GROUP LLC SHJ B','University Road, Muweilah, Sharjah');
INSERT INTO "inventory_store" VALUES(9,'1267','Aster Pharmacy 139','Sheikh Khalid Road, Khor Fakkan, Sharjah');
INSERT INTO "inventory_store" VALUES(10,'1306','Aster Pharmacy 203 - Al Tawuun','Shop no. 1, Arab Doctor Building, Al Taawun, Sharj');
INSERT INTO "inventory_store" VALUES(11,'1304','Al Musalla Pharmacy (Br Of Aster','Shop no. 1, Kharbash Building, Jumeirah Beach Road');
INSERT INTO "inventory_store" VALUES(12,'1303','Aster Pharmacy 128 (Br Of Aster ','Enoc Petrol Station, Umm Suqeim Road, Al Barsha So');
INSERT INTO "inventory_store" VALUES(13,'1302','Aster Pharmacy 204 (Br Of Aster ','Al Qusais Building, Damascus Street, Al Qusais, Du');
INSERT INTO "inventory_store" VALUES(14,'1301','Aster Pharmacies Group Llc Branc','Ali Sultan Ali Al Neami Building, Al Dhait South, ');
INSERT INTO "inventory_store" VALUES(15,'1298','Aster Pharmacy 158','Mezzanine Floor, Talal Supermarket, Dubai Investme');
INSERT INTO "inventory_store" VALUES(16,'1285','Aster Al Hayat Pharmacy (Br Of A','Shop no. 3, Easa Saleh Al Gurg Building, Rolla Str');
INSERT INTO "inventory_store" VALUES(17,'1281','Aster Pharmacy 151','Shop no. 4, Mamzer Tower 1, Taawun Street, Al Taaw');
INSERT INTO "inventory_store" VALUES(18,'1274','Aster Healthcare Hyper Market(Br','Al Raffa C Building, Mankhool Road, Bur Dubai, Dub');
INSERT INTO "inventory_store" VALUES(19,'1271','Aster Pharmacies Group Llc- Bran','Al Aam Street, Julan, Ras Al Khaima');
INSERT INTO "inventory_store" VALUES(20,'1245','Aster Pharmacies Group -Br. Of A','Hamdan Street, Abu Dhabi');
INSERT INTO "inventory_store" VALUES(21,'1243','Aster Pharmacies Group -Br. Of A','Al Hamed Building, Al Falah Street, Abu Dhabi');
INSERT INTO "inventory_store" VALUES(22,'1235','Asterpharmacy121 (Br Of Aster Ph','Al Nahda Tower, Al Nahda, Sharjah');
INSERT INTO "inventory_store" VALUES(23,'1231','Aster Pharmacy 8 (Br Of Aster Ph','Century Mall, Faseel Road, Fujairah');
INSERT INTO "inventory_store" VALUES(24,'1230','Aster Pharmacy 113 (Br Of Aster ','Mirdiff Mall, Uptown, Mirdiff, Dubai');
INSERT INTO "inventory_store" VALUES(25,'1228','Aster Pharmacies Group L.L.C Rak','Shop no. 50, Safeer Mall, Airport Road, Al Dhait N');
INSERT INTO "inventory_store" VALUES(26,'1226','Access Pharmacy-Ajman','Haramain Souk, New Sanaya, Industrial Area, Ajman');
INSERT INTO "inventory_store" VALUES(27,'1224','Aster Pharmacy 112 (Br Of Aster ','Rolla Street, Al Raffa, Bur Dubai, Dubai');
INSERT INTO "inventory_store" VALUES(28,'1219','Aster Pharmacy 6 (Br Of Aster Ph','Silicon Gate 1, Dubai Silicon Oasis, Dubai');
INSERT INTO "inventory_store" VALUES(29,'1262','Aster Pharmacy 134','Arenco Building, Golden Sands, Al Barsha, Dubai');
INSERT INTO "inventory_store" VALUES(30,'1288','Aster Pharmacy 201','Shop no. 3, Al Manal Tower, Trade Center, Sheikh Z');
INSERT INTO "inventory_store" VALUES(31,'1218','Aster Pharmacy 107','Faizal Building, King Faizal Road, Sharjah');
INSERT INTO "inventory_store" VALUES(32,'1217','Aster Pharmacy 105 (Br Of Aster ','Shop no. 2, Building 1-11, Morocco Cluster, Al War');
INSERT INTO "inventory_store" VALUES(33,'1240','Aster Pharmacy 126','Jumeirah Beach Road, Umm Suqeim 1, Dubai');
INSERT INTO "inventory_store" VALUES(34,'1310','ASTER PHARMACY 131','Shop no. 17, Trio Building, Al Barsha 1, Dubai');
INSERT INTO "inventory_store" VALUES(35,'1263','Aster Pharmacy 109','Shop no. 21, Near Geant Supermarket, Ghoroob Mirdi');
INSERT INTO "inventory_store" VALUES(36,'1135','MEDSAVE PHARMACY','Street 47, Al Barajeel Complex Building, Mirdiff, ');
INSERT INTO "inventory_store" VALUES(37,'1213','Panacea Pharmacy Reef','Reef Mall, Deira, Dubai');
INSERT INTO "inventory_store" VALUES(38,'1157','MEDICOM PHARMACY 10 (SABA)','Street 58C, Uptown Mirdiff, Dubai');
INSERT INTO "inventory_store" VALUES(39,'1222','Aster Pharmacy 116 (Br Of Aster ','Street 83, Mirdif Commercial Complex, Shop No. 1 &');
INSERT INTO "inventory_store" VALUES(40,'1201','New Aster Pharmacy JLT','Shop no. GO11-B, Red Diamond Building, JLT, Dubai');
INSERT INTO "inventory_store" VALUES(41,'1211','Aster Pharmacy 5 (Br Of Aster Ph','CBD 29, International City, Dubai');
INSERT INTO "inventory_store" VALUES(42,'1210','Aster Pharmacy 2 (Br Of Aster Ph','Unit no. 4&5, Ground Floor, Carrefour Centre, Duba');
INSERT INTO "inventory_store" VALUES(43,'1205','Aster Al Buhairah Pharmacy','Corniche, Al Buhairah, Sharjah');
INSERT INTO "inventory_store" VALUES(44,'1202','Aster Dip Pharmacy','Unit no. 25&26, Ground Floor, Ramla Hypermarket, D');
INSERT INTO "inventory_store" VALUES(45,'1198','Al Fardoos Pharmacy','Building Q4M, France Cluster, International City, ');
INSERT INTO "inventory_store" VALUES(46,'1137','Iqra Pharmacy','Naif Road, Deira, Dubai');
INSERT INTO "inventory_store" VALUES(47,'1158','Medicom Pharmacy 11 (New Flame)','Al Nahda St., Al Twar 2, Dubai');
INSERT INTO "inventory_store" VALUES(48,'1192','Jabel Ali Gardens Pharmacy','Enoc Petrol Station, Discovery Gardern, Dubai');
INSERT INTO "inventory_store" VALUES(49,'1206','Aster Pharmacy 98','Street 24, Shop no. 8, Sumeya Al Khalifa Building,');
INSERT INTO "inventory_store" VALUES(50,'1191','Dragon Mart Pharmacy','Dragon Mart Mall, International City, Dubai');
INSERT INTO "inventory_store" VALUES(51,'1188','Al Aweer Society Pharmacy','Aweer Union Coop, Ras Al Khor, Dubai');
INSERT INTO "inventory_store" VALUES(52,'1277','ASTER PHARMACY 146','Shop no. 32, Souq Al Kabeer Building, Bur Dubai, D');
INSERT INTO "inventory_store" VALUES(53,'1176','Aster JBR Pharmacy','P-42, Sadaf 4 Cluster, The Walk, Jumeirah Beach Re');
INSERT INTO "inventory_store" VALUES(54,'1185','Sara Pharmacy L.L.C','Spinneys, Al Karama, Dubai');
INSERT INTO "inventory_store" VALUES(55,'1280','Aster Pharmacy 145 (Br Of Aster ','Street 4B, Iranian School Road, Karama, Dubai');
INSERT INTO "inventory_store" VALUES(56,'1308','Al Mankhool Pharmacy','Street 4C, Khalifa Bin Zayed Road, Karama, Dubai');
INSERT INTO "inventory_store" VALUES(57,'1182','Cristal Pharmacy','Shop no. 4, Al Shamsi Building,Al Taawun');
INSERT INTO "inventory_store" VALUES(58,'1181','Medicom Pharmacy 14 (Madina Mall','Shop no. 18, First Floor, Madina Mall, Muhaisnah, ');
INSERT INTO "inventory_store" VALUES(59,'1180','Medicom Pharmacy 27(Ajman)','Shop no. 1, Abdullah mohammed Hamad Bu Shibab Buil');
INSERT INTO "inventory_store" VALUES(60,'1312','ASTER PHARMACY DCC','Shop no. M-020, 1st Floor, Deira City Center, Deir');
INSERT INTO "inventory_store" VALUES(61,'1346','Aster Pharmacy 155','Rashidiya Shops Bldg, Al Rashidiya, Dubai Shop No:');
INSERT INTO "inventory_store" VALUES(62,'1335','Aster Medical Centre Pharmacy Mu','Zaraa Residence 1, Muhaisnah 4, Dubai');
INSERT INTO "inventory_store" VALUES(63,'1125','Waseem Pharmacy','Dafco Building, Al Taawun, Sharjah');
INSERT INTO "inventory_store" VALUES(64,'1127','Al Manarah Pharmacy','Al Taawun St., Al Taawun, Sharjah');
INSERT INTO "inventory_store" VALUES(65,'1154','Medicom Pharmacy 7 (Flame)','Al Mizhar Mall, Mizhar 1, Dubai');
INSERT INTO "inventory_store" VALUES(66,'1165','Medicom Pharmacy 23 ( Enaya)','Al Manama Road, Al Kharran, Ras Al Khaimah');
INSERT INTO "inventory_store" VALUES(67,'1174','Aster Grand Pharmacy (Al Nahada)','AB Plaza Building, Al Nahda 1, Dubai');
INSERT INTO "inventory_store" VALUES(68,'1204','ASTER PHARMACY FUJAIRAH BR.','Emirates Spring Building, Hadad Bin Abdullah Stree');
INSERT INTO "inventory_store" VALUES(69,'1259','Aster Pharmacy 102 (Br Of Aster ','Al Ahbabi Building, Damascu Road, Al Qusais 2, Dub');
INSERT INTO "inventory_store" VALUES(70,'1275','Aster Pharmacy 200 (Br Of Aster ','Amman St., Al Nahda 2, Dubai');
INSERT INTO "inventory_store" VALUES(71,'1171','Aster Pharmacy Al Nahda (Sharjah','Al Shaiba Building, Al Nahda, Sharjah');
INSERT INTO "inventory_store" VALUES(72,'1170','Aster Pharmacy (Ajman)','Shop no. 1, Union Cooperative Society, Rashidiya H');
INSERT INTO "inventory_store" VALUES(73,'1168','Medicom Pharmacy 26 (U.A.Q)','Manama Hypermarket, King Faisal Road, Umm Al Quawa');
INSERT INTO "inventory_store" VALUES(74,'1164','Medicom Pharmacy 8 (Century)','Century Mall, Mamzar, Dubai');
INSERT INTO "inventory_store" VALUES(75,'1292','Aster Pharmacy 202 (Br Of Aster ','Shop no. G7, Bin Sougat Centre, Al Rashidiya, Duba');
INSERT INTO "inventory_store" VALUES(76,'1327','Aster Pharmacy 153','Mubarak Building, University Building, Muweilah, S');
INSERT INTO "inventory_store" VALUES(77,'1329','ASTER PHARMACIES GROUP LLC SH BR','Sharjah City Center, Al Wahda Street, Sharjah');
INSERT INTO "inventory_store" VALUES(78,'1162','Medicom Pharmacy 18 (Alam)','Safeer Mall, Nuaimiya, Ajman');
INSERT INTO "inventory_store" VALUES(79,'1161','Medicom Pharmacy 17 (Ansar)','Ansar Mall, Al Nahda Road, Sharjah');
INSERT INTO "inventory_store" VALUES(80,'1153','Medicom Pharmacy 6 (Mazaya)','Mazaya Centre, Sheikh Zayed Road, Dubai');
INSERT INTO "inventory_store" VALUES(81,'1147','Medicom Pharmacy (Pharabi)','Near Gold Souk, Deira, Dubai');
INSERT INTO "inventory_store" VALUES(82,'1146','Beta Pharmacy','Unit no. H003A, First Floor, Mirdiff City Center, ');
INSERT INTO "inventory_store" VALUES(83,'1139','New Grand Pharmacy','King Faizal Road, Al Nuaimiyah, Ajman');
INSERT INTO "inventory_store" VALUES(84,'1138','Modern Dar Al Shifa -Mussafah Br','Plot no. 26, Mussafah Industrial Area 9, Mussafah,');
INSERT INTO "inventory_store" VALUES(85,'1136','New Al Shifa Pharmacy','Building no. V20, Russia Cluster, International Ci');
INSERT INTO "inventory_store" VALUES(86,'1134','Yacoub Pharmacy','Bank Street, Bur Dubai, Dubai');
INSERT INTO "inventory_store" VALUES(87,'1133','Golden Sands Pharmacy','Al Ain Center, Bur Dubai, Dubai');
INSERT INTO "inventory_store" VALUES(88,'1126','Al Mawadah Pharmacy','Al Estiqlal Street, Immigration Road, Sharjah');
INSERT INTO "inventory_store" VALUES(89,'1124','Haramain Pharmacy','Al Tahiera Tower, Al Nahda, Sharjah');
INSERT INTO "inventory_store" VALUES(90,'1123','Salim Pharmacy','Salim Tower, Corniche Al Buhaira Road, Buhaira, Sh');
INSERT INTO "inventory_store" VALUES(91,'1122','Expert Pharmacy','Al Zahraa Street, Al Buteena, Sharjah');
INSERT INTO "inventory_store" VALUES(92,'1121','Al Majaz Pharmacy','Jamal Abdul Nasir Street, Al Majaz, Sharjah');
INSERT INTO "inventory_store" VALUES(93,'1347','NICE LIFE PHARMACY (BR OF ASTER ','Spanish tower, Al Hebiah Fourth, Dubai');
INSERT INTO "inventory_store" VALUES(94,'1149','MEDICOM PHARMACY 2 (WASL)','Mercato Mall, Jumeirah 1, Dubai');
INSERT INTO "inventory_store" VALUES(95,'1119','Grand Pharmacy','Dana Plaza Complex, Al Rumaila 3, Ajman');
INSERT INTO "inventory_store" VALUES(96,'1151','Medicom Pharmacy 4 (Town)','Town Centre, Jumeirah Beach Road, Dubai');
INSERT INTO "inventory_store" VALUES(97,'1169','ASTER PHARAMACY (TECOM)','Icon Tower, Basha Heights, Tecom, Dubai');
INSERT INTO "inventory_store" VALUES(98,'1114','Al Warqa Pharmacy','Mass Supermarket Building, Al Warqa 2, Dubai');
INSERT INTO "inventory_store" VALUES(99,'1113','Thyba Pharmacy','Masafi, Fujairah');
INSERT INTO "inventory_store" VALUES(100,'1175','Avenue Pharmacy L.L.C','Shop no.17. Tower D, Executive Towers, Bay Avenue,');
INSERT INTO "inventory_store" VALUES(101,'1184','AL FAISAL PHARMACY','Al Wasl Road, Umm Suqeim 2, Jumeirah, Dubai');
INSERT INTO "inventory_store" VALUES(102,'1105','Union Pharmacy','Al Raffa Police Station Road, Bur Dubai, Dubai');
INSERT INTO "inventory_store" VALUES(103,'1237','Access Pharmacy 2','Al Madina Hypermarket 3, Muhaisnah 2, Sonapur, Dub');
INSERT INTO "inventory_store" VALUES(104,'1209','UMM HURAIR PHARMACY','J3 Mall, Al Wasl Road 6, Jumeirah, Dubai');
INSERT INTO "inventory_store" VALUES(105,'1212','Panacea Pharmacy Madinat','Shop no. 34, Souq Madinat Mall, Umm Suqeim 3, Jume');
INSERT INTO "inventory_store" VALUES(106,'1236','Aster Pharmacy 123 (Br Of Aster ','Shop no. 3, Al Ghurair Building, Al Muteen Street,');
INSERT INTO "inventory_store" VALUES(107,'1220','Aster Pharmacy 111 (Br Of Aster ','Shop no. 6, Muhaisnah Plaza Building, Muhaisnah, D');
INSERT INTO "inventory_store" VALUES(108,'1216','Aster Pharmacy 101 (Br Of Aster ','Dubai Airport Freezone, Al Qusais, Dubai');
INSERT INTO "inventory_store" VALUES(109,'1186','Al Dorra Pharmacy','Matloob Building 6, Al Safa, Sheik Zayed Road, Dub');
INSERT INTO "inventory_store" VALUES(110,'1215','Aster Pharmacy 110 (Br Of Aster ','Al Shamsi Building, Oudmetha, Dubai');
INSERT INTO "inventory_store" VALUES(111,'1234','ASTER PHARMACY 114','Unit No:1 Ground Floor Aswaq Mall, Al Barsha South');
INSERT INTO "inventory_store" VALUES(112,'1214','Aster Pharmacy100 (DHCC)','Al Razi Building 64, Dubai Healthcare City, Dubai');
INSERT INTO "inventory_store" VALUES(113,'1241','Aster Pharmacy 119','Enoc Petrol Station, Emirates Hills 3, Meadows, Du');
INSERT INTO "inventory_store" VALUES(114,'1178','Central Market Pharmacy','Sheikh Colony Building, Al Qusais, Dubai');
INSERT INTO "inventory_store" VALUES(115,'1160','Medicom Pharmacy 13 (Home)','Kuwait Street, Al Karama, Dubai');
INSERT INTO "inventory_store" VALUES(116,'1242','Aster Pharmacy 124','Sukoon Tower, Marina, Dubai');
INSERT INTO "inventory_store" VALUES(117,'1309','ASTER PHARMACY 130','Duja Tower, Sheik Zayed Road, Dubai');
INSERT INTO "inventory_store" VALUES(118,'1130','Al Raha Pharmacy','Khalid Bin Waleed Road, Bur Dubai, Dubai');
INSERT INTO "inventory_store" VALUES(119,'1203','ASTER PHARMACY 1','Bait Al Waleed Road, Souq Al Kabeer Building, Bur ');
INSERT INTO "inventory_store" VALUES(120,'1270','ASTER PHARMACY 147','Sehar-E-Karachi Restaurant Building, Bur Dubai, Du');
INSERT INTO "inventory_store" VALUES(121,'1152','Medicom Pharmacy 5 ( Em.Co-Op)','Emirates Cooperative Society, Al Qusais, Dubai');
INSERT INTO "inventory_store" VALUES(122,'1143','ALFA PHARMACY','Shop no. 4, Al Fattan Building, Al Qusais 2, Dubai');
INSERT INTO "inventory_store" VALUES(123,'3004','BELEAF NUTRITION 7','Next to Carrefour, Ground Floor, Al Afnan St, The ');
INSERT INTO "inventory_store" VALUES(124,'1110','Asma Pharmacy','Souq Al Wasl, Naif, Deira, Dubai');
INSERT INTO "inventory_store" VALUES(125,'1326','Aster Pharmacy 164','Shop no. R-7B, Tower D, Sky Courts, Dubai Silicon ');
INSERT INTO "inventory_store" VALUES(126,'1336','Aster Pharmacy 148','Al Nahda 2 , Al Quasis');
INSERT INTO "inventory_store" VALUES(127,'1325','Aster Pharmacies Group  L.L.C - ','Al Shaheen Complex, Khalidiya, Abu Dhabi');
INSERT INTO "inventory_store" VALUES(128,'1332','Aster pharmacies group llc-shj.b','Bin Taryem 8 Building, Muwailiah Commercial Road, ');
INSERT INTO "inventory_store" VALUES(129,'1265','Aster Pharmacies Group LLC- Bran','Shop no. 7 & 8, Defense Road, Abu Dhabi');
INSERT INTO "inventory_store" VALUES(130,'1289','Aster Pharmacies Group LLC- Bran','Mussafa, Sabiya, Abu Dhabi');
INSERT INTO "inventory_store" VALUES(131,'1321','Aster Pharmacies Group  L.L.C - ','ICT United Square, Section W9, Plot C88, Mubarak B');
INSERT INTO "inventory_store" VALUES(132,'1297','Aster Pharmacies Group  L.L.C - ','Electra Street, Abu Dhabi');
INSERT INTO "inventory_store" VALUES(133,'1103','Juma Pharmacy','Al Sherouq Building, Al Karama, Dubai');
INSERT INTO "inventory_store" VALUES(134,'1299','Aster Pharmacy 152 (Br Of Aster ','JAFZA Commercial Center, Jebel Ali Freezone South,');
INSERT INTO "inventory_store" VALUES(135,'1290','Aster Pharmacy 143 (Br Of Aster ','Shop no. 2, The Ribbon Mall, Motor City, Dubai');
INSERT INTO "inventory_store" VALUES(136,'1284','Aster Pharmacies Group  L.L.C- B','Al Fardan Exchage - next, Elektra Street, Abu Dhab');
INSERT INTO "inventory_store" VALUES(137,'1264','Aster Pharmacy 136(Br Of Aster P','Shop no. 8 & 9, Al Khail Mall, Al Qouz, Dubai');
INSERT INTO "inventory_store" VALUES(138,'1248','Aster Pharmacy 115 (Br Of Aster ','Discovery Gardens Pavilion, Discovery Garderns, Du');
INSERT INTO "inventory_store" VALUES(139,'1156','Medicom Pharmacy 9 (Qemma)','Beirut Road, Al Qusais 2, Dubai');
INSERT INTO "inventory_store" VALUES(140,'1144','Medicine Shoppe Micro Pharmacy','Saratoga Residential Complex, Al Barsha 1, Dubai');
INSERT INTO "inventory_store" VALUES(141,'1316','Zabeel Pharmacy (LLC)','Blue Bay Tower, Business Bay, Dubai');
INSERT INTO "inventory_store" VALUES(142,'1227','Access Al Qouz Pharmacy (Br Of A','Labor Camp Area, Al Qouz 3, Dubai');
INSERT INTO "inventory_store" VALUES(143,'3000','Beleaf Br 1','Sharjah city Center, Al Wahda Street, Sharjah (2)');
INSERT INTO "inventory_store" VALUES(144,'1246','Aster Pharmacy 127 (Br Of Aster ','Shop no. 1, Royal Oceanic Building, Marina, Dubai');
INSERT INTO "inventory_store" VALUES(145,'1208','Aster Pharmacy 3 (Br Of Aster Ph','Ground Floor G-32, Dubai Outlet Mall, Al Ain Road,');
INSERT INTO "inventory_store" VALUES(146,'1177','Aster Pharmacy (Dubal Branch)','Dubai Medical Center, Sheik Zayed Road, Jebel Ali,');
INSERT INTO "inventory_store" VALUES(147,'1108','Shindaga Pharmacy','Carrefour Hypermarket, Shindagha City Centre, Bur ');
INSERT INTO "inventory_store" VALUES(148,'1173','Aster Jebel Ali Pharmacy','Mezzanine Floor, Nesto Hypermarket, Jebel Ali, Dub');
INSERT INTO "inventory_store" VALUES(149,'1342','Ibn Al Azwar Pharmacy (Br of Ast','Shop No. 17, near Medcare - Medical Centre, Dakake');
INSERT INTO "inventory_store" VALUES(150,'1142','Rashid Pharmacy','Al Rigga Road, Diera,  Dubai');
INSERT INTO "inventory_store" VALUES(151,'1166','Aster Pharmacy (Musaffah)','Campus School, Musaffa, Abu Dhabi');
INSERT INTO "inventory_store" VALUES(152,'1195','Highway Pharmacy','Enoc Petrol Station, Zabeel 1, Dubai');
INSERT INTO "inventory_store" VALUES(153,'1140','Medshop - Garden Pharmacy','Zen Cluster, Building 9, Discovery Gardens, Dubai');
INSERT INTO "inventory_store" VALUES(154,'1225','Aster Pharmacy 118 (Br Of Aster ','OBS Building, Al Nahda 2, Dubai');
INSERT INTO "inventory_store" VALUES(155,'1260','Aster Pharmacy 132 (Br Of Aster ','Sheikh Suhail Building, Hor Al Anz East, Abu Hail,');
INSERT INTO "inventory_store" VALUES(156,'1269','Aster Pharmacy 144(Br Of Aster P','Shop no. 5 & 6, Al Shab, Abuhail, Dubai');
INSERT INTO "inventory_store" VALUES(157,'1120','Modern Dar Al Shifa Pharmacy','Tourist Club Area, Elektra, Abu Dhabi');
INSERT INTO "inventory_store" VALUES(158,'1118','Rafa Pharmacy','Khaleefa Street, Al Ain');
INSERT INTO "inventory_store" VALUES(159,'1106','New Al Qouz Pharmacy','Grand Shopping Mall, Al Qouz Industrial Area 1, Du');
INSERT INTO "inventory_store" VALUES(160,'5001','MetroMeds Pharmacy','Ground Floor, Metro Building, Shiekh Khalifa Bin Z');
INSERT INTO "inventory_store" VALUES(161,'1333','Aster Pharmacy 163','Shop no. 6 & 7, Nesto Hypermarket, Humaidiya, Ajma');
INSERT INTO "inventory_store" VALUES(162,'1322','Aster Al Shafar Pharmacy (Br of ','Block C no. 4, Al Muhaisnah Star Building, Muhaisn');
INSERT INTO "inventory_store" VALUES(163,'1159','Medicom Pharmacy 12 (Dubai Centu','Street 12, Al Rashidiya, Dubai');
INSERT INTO "inventory_store" VALUES(164,'1328','Aster Pharmacy 161','Shop no. 14-15, Marhaba Mall, Ras Al Khor, Dubai');
INSERT INTO "inventory_store" VALUES(165,'1324','Aster Pharmacy 159','Corniche Road, Shop no. 5, Rashidiya 3, Ajman');
INSERT INTO "inventory_store" VALUES(166,'1319','Aster Pharmacy 104 Al Warqa','Hambal Shafi Al Madani Building, Al Warqa 1, Dubai');
INSERT INTO "inventory_store" VALUES(167,'1320','Aster Pharmacy 160 - DIP','Shop no. M11, Ramla Supermarket, Dubai Internet Ci');
INSERT INTO "inventory_store" VALUES(168,'1315','Aster Pharmacy 156 - DIC','Shop no. 6, Sapphire Mall, Dubai Industrial City, ');
INSERT INTO "inventory_store" VALUES(169,'1272','Aster Pharmacy 137 (Br Of Aster ','Nakheel Pavillion Mall, France Cluster, Internatio');
INSERT INTO "inventory_store" VALUES(170,'1261','Aster Pharmacy 135 (Br Of Aster ','V19, Russian Cluster, International City, Dubai');
INSERT INTO "inventory_store" VALUES(171,'1232','Aster Pharmacy 103(Br Of Aster P','Persia Cluster, International City, Dubai');
INSERT INTO "inventory_store" VALUES(172,'1239','Aster Pharmacy 120 (Br Of Aster ','Al Warqa Medical Center, Al Warqa 1, Dubai');
INSERT INTO "inventory_store" VALUES(173,'1238','Aster Pharmacy 106','Al Ettihad Road, Golden Sands Building, Al Nahda, ');
INSERT INTO "inventory_store" VALUES(174,'1256','Aster Pharmacy 108','Adnic Tower, Rolla, Sharjah');
INSERT INTO "inventory_store" VALUES(175,'1343','Aster Pharmacy 117','Nesto Hypermarket-Mina Road Dubai');
INSERT INTO "inventory_store" VALUES(176,'1348','ASTER PHARMACY 165 (BR OF ASTER ','Sway Residence, Ground Floor, Retail-3, Dubai Hill');
INSERT INTO "inventory_store" VALUES(177,'1345','ASTER PHARMACIES GROUP LLC - SHJ','Sharjah coop building, ground floor, wasit street,');
INSERT INTO "inventory_store" VALUES(178,'1337','AL EHSAN PHARMACY (BR OF ASTER P','MEADOWS VILLAGE SHOP NO ; 05');
INSERT INTO "inventory_store" VALUES(179,'1338','ACCESS PHARMACY 3 (BR OF ASTER P','Zahra breeze -4A.2 Near Medcare Medical centre Tow');
INSERT INTO "inventory_store" VALUES(180,'1339','Aster Pharmacy 157 (Br of Aster ','Expo Village Residences 4 ?Dubai?');
INSERT INTO "inventory_store" VALUES(181,'1341','Al Shifa Pharmacy (Br of Aster P','Jumeirah Park Clubhouse-Ground Floor - Shop #11 - ');
INSERT INTO "inventory_store" VALUES(182,'5002','Samary Pharmacy Br LLC - Jafza','Jafza Mall,Jebel ali Free Zone');
INSERT INTO "inventory_store" VALUES(183,'5003','SAMARY PHARMACY LLC','JEBEL ALI MALL ,JEBEL ALI IND AREA 1');
INSERT INTO "inventory_store" VALUES(184,'5004','ZAHRAT AL SHEEFA PHARMACY LLC','28 STREET ,AL GAITH BUILDING  , Muhaisnah 2, Sonap');
INSERT INTO "inventory_store" VALUES(185,'1349','Aster Pharmacies Group L.L.C Shj','Shop No:1,2,3 , Sajida Hyper Market Kalba, Ground ');
INSERT INTO "inventory_store" VALUES(186,'1350','ASTER PHARMACY 205','Las Flores Residences, Ground Floor, SHOP No:1, JV');
INSERT INTO "inventory_store" VALUES(187,'1352','Aster Pharmacise Group L.LC Bran','Heirs of Darwish Bin Ahmed E11(Electra Street), Gr');
INSERT INTO "inventory_store" VALUES(188,'1311','Aster Pharmacy 150 - Marina/Jlt','Shop no. 6, Pinaccle Tower, Marina Marsa, Dubai');
INSERT INTO "inventory_store" VALUES(189,'1279','Aster Pharmacy 141','Mall - Shop No. AT 019, Opp Ikea, Next to Carrefou');
INSERT INTO "inventory_store" VALUES(190,'1353','ASTER NUTRITION (BR OF ASTER PHA','The Greens Center Phase 1, Ground Floor, GR Center');
INSERT INTO "inventory_store" VALUES(191,'1356','Aster Pharmacies Group L.L.C Bra','Shop number -No:2 P/139 Al Sa? Adah');
INSERT INTO "inventory_store" VALUES(192,'1354','ASTER PHARMACY 170 ( Shoba Hartl','Sobha Hartland Greens-Phase 11 (Building 02), Grou');
INSERT INTO "inventory_store" VALUES(193,'1351','ASTER PHARMACY 162 )BR OF ASTER ','Saleh Bin Lahej Retail Building, Ground Floor, No:');
INSERT INTO "inventory_store" VALUES(194,'1355','Aster Pharmacy 142 (Dubai Creek ','The Dubai Creek Residences-North Podium, Ground Fl');
INSERT INTO "inventory_store" VALUES(195,'1331','ASTER PHARMACY 206 (DUBAI MALL)','The Dubai Mall Fountain View,Burj Khalifa Dubai');
INSERT INTO "inventory_store" VALUES(196,'1357','ASTER PHARMACIES GROUP L.L.C Bra','Mohamed Salem Kardous Obaid Alameri, Ground Floor,');
INSERT INTO "inventory_store" VALUES(197,'AO001','ASTER OPTICS - Bur Dubai','SHOP NO. 11, BAIT AL WALEED,AL SOUQ AL KABEER, BUR');
INSERT INTO "inventory_store" VALUES(198,'AO003','ASTER OPTICS 3 - KARAMA','MOHAMMED BIN RASHID KHALIFA BUILDINOPP. TO UNION M');
INSERT INTO "inventory_store" VALUES(199,'AO004','Aster Optics 4 - Qusais','SHOP NO. 2, AL QUSAIS BUILDINGDAMASCUS STREET, AL ');
INSERT INTO "inventory_store" VALUES(200,'AO005','ASTER OPTICS 6- DISCOVERY GARDEN','DISCOVERY GARDENS , ROAD NO.7ASTER OPTICS 6 - DISC');
INSERT INTO "inventory_store" VALUES(201,'AO008','ASTER OPTICS 5 - MEDCARE ','ASTER OPTICS 5 ,Shop #1, Medcare Eye care Hospital');
INSERT INTO "inventory_store" VALUES(202,'GO001','Grand optics Ajman','Store#014, Ground Floor, Ajman City Center, Ajman,');
INSERT INTO "inventory_store" VALUES(203,'GO002','Grand Optics Al Qouz','Shop#8, Ground Floor, Matajer Al Quoz, Sheikh Khal');
INSERT INTO "inventory_store" VALUES(204,'GO003','Grand Optics Arabian Ranches','Arabian Ranches 1, Community Center, Dubai, United');
INSERT INTO "inventory_store" VALUES(205,'GO004','Grand Optics Deira City Center','Deira City Centre, Unit No. E19, Ground Floor, P.O');
INSERT INTO "inventory_store" VALUES(206,'GO005','Grand Optics Dubai Mall','SF110 Unit, Level 2, Dubai Mall, Sheikh Zayed Road');
INSERT INTO "inventory_store" VALUES(207,'GO006','Grand Optics Galleries Lafayette','Lafayette Galleries - Dubai Mall, Sheikh Zayed Roa');
INSERT INTO "inventory_store" VALUES(208,'8011','Grand Optics Jumeirah Coop','Union Cooperative Society, Ground Floor, Shop#G09,');
INSERT INTO "inventory_store" VALUES(209,'GO008','Grand Optics Jurainah','Matajer Jurainah, Opposite Of University Hospital ');
INSERT INTO "inventory_store" VALUES(210,'GO009','Grand Optics Mall Of Emirates','Mall of Emirates, Unit B39, Ground floor, Dubai Un');
INSERT INTO "inventory_store" VALUES(211,'GO010','Grand Optics Mirdiff City Center','Mirdiff City Center, Dubai, United Arab Emirates');
INSERT INTO "inventory_store" VALUES(212,'GO011','Grand Optics Raha Gardens','Shop#G16, Grand Optics, Gardens Plaza, Khalifa Cit');
INSERT INTO "inventory_store" VALUES(213,'GO012','Grand Optics GS Ajman','Ajman City Center, Ajman, United Arab Emirates');
INSERT INTO "inventory_store" VALUES(214,'GO013','Grand Optics Meadows ','Shop no GF 24, Meadows Village, Ground Floor, Land');
INSERT INTO "inventory_store" VALUES(215,'AO007','Aster Optics 7','International City Pavilion1 St Floor Shop number ');
INSERT INTO "inventory_store" VALUES(216,'AO009','Aster Optics 1','FRJP-R-23, Al Furjan South Pavilion - Mina Jebel A');
INSERT INTO "inventory_store" VALUES(217,'AO010','Aster Optics 2 Br of Aster Optic','Al Ghurair Center,First Floor (Opposite Carrefour)');
INSERT INTO "inventory_store" VALUES(218,'1358','Aster Pharmacy 173 BR OF ASTER P','Union Co-Operative Society, Ground Floor, Shop No ');
INSERT INTO "inventory_store" VALUES(219,'1359','ASTER PHARMACY 167 (BR OF ASTER ','The Dubai Mall, Second Floor, Shop Number TDM-SF-M');
INSERT INTO "inventory_store" VALUES(220,'1362','ASTER PHARMACY 168','Ibn Battuta Mall, Ground Floor, IBS-GF-035, ');
INSERT INTO "inventory_store" VALUES(221,'1360','Aster Pharmacy 172','Al Sayyah Residence C, Ground Floor, Retail 12, Du');
INSERT INTO "inventory_store" VALUES(222,'No Store ID','Alfaone FZ L.L.C.(Scientific Off','DSP (Dubai Science Park) - HQ Complex,11th Floor, ');
INSERT INTO "inventory_store" VALUES(223,'AO011','ASTER OPTICS 8 - AL WARQA','Al Warqa Building, Ground Floor, 1 A, Dubai');
INSERT INTO "inventory_store" VALUES(224,'1361','Medcare Medical Center Pharmacy ','Barsha South Mall, Ground Floor, Al Barsha South');
INSERT INTO "inventory_store" VALUES(225,'1367','ASTER PHARMACIES GROUP LLC (DMCC','Armada 3, Ground Floor, G-1');
INSERT INTO "inventory_store" VALUES(226,'1371','Aster Pharmacy 175 Br of Aster P','Tower 108, Ground Floor - Retail 11A, Al Barsha So');
INSERT INTO "inventory_store" VALUES(227,'1364','ASTER PHARMACIES GROUP L.L.C ABU','Ahmed Bin Darwish Building, Ground Floor, Shop No:');
INSERT INTO "inventory_store" VALUES(228,'1370','Aster Pharmacy 169 (Br of Aster ','Health bay Poly Clinic, Ground Floor, Umm Al Sheif');
INSERT INTO "inventory_store" VALUES(229,'1368','AL OLA PHARMACY LLC BR. ASTER PH','Building No:0040, Ground Floor,Unit No:1, Nakheel,');
INSERT INTO "inventory_store" VALUES(230,'1369','ASTER PHARMACIES GROUP LLC -  UA','Al Masa Tower 2,Ground Floor, Unit No: 1, Al Makta');
INSERT INTO "inventory_store" VALUES(231,'1373','ASTER PHARMACY 160','Saif Al Shafar Building, Ground Floor, G-1, Dubai');
INSERT INTO "inventory_store" VALUES(232,'1363','ASTER PHARMACIES GROUP L.L.C (Br','Hamama Saif Al Mazrouei Building, Ground Floor, Un');
INSERT INTO "inventory_store" VALUES(233,'AO012','Aster Opticals L.L.C Branch of A','Hamama Saif Al Mazrouei Building, Ground Floor, UN');
INSERT INTO "inventory_store" VALUES(234,'1365','ASTER PHARMACIES GROUP L.L.C BRA','Al Meraikhi Building, Ground Floor, Show Room No:4');
INSERT INTO "inventory_store" VALUES(235,'1375','ASTER MEDICAL CENTRE ARABIAN RAN','The Village Community, First Floor, Wadi Al Safa 7');
INSERT INTO "inventory_store" VALUES(236,'1366','ASTER PHARMACIES GROUP L.L.C ABU','Nahyan Camp Building, Ground Floor, Unit No:2, Al ');
INSERT INTO "inventory_store" VALUES(237,'1374','Dragon Pharmacy (Al Furjan)','Azizi Farishta Building, Ground Floor, Show Room N');
INSERT INTO "inventory_store" VALUES(238,'AO013','Aster Opticals L.L.C Shj Br (Cen','Central Mall Sharjah, Ground Floor, Shop No:C-04, ');
INSERT INTO "inventory_store" VALUES(239,'AO014','Aster Opticals L.L.C Branch Abud','Saleh Salem Alshamsi Building Ground Floor');
INSERT INTO "inventory_store" VALUES(240,'AO015','Aster Optics 9 Blue Water','Building 12 -SM');
INSERT INTO "inventory_store" VALUES(241,'1376','ASTER PHARMACIES GROUP L.L.C BRA','122, Salahuddeen Al Ayoubi St, Central District, A');
INSERT INTO "inventory_store" VALUES(242,'AO016','Aster Opticals L.L.C Branch of A','Dalma Mall');
INSERT INTO "inventory_store" VALUES(243,'1378','Aster Pharmacy 166','Azurite Tower');
INSERT INTO "inventory_store" VALUES(244,'1377','ASTER PHARMACY 179 (WASL MUHAISN','R 1083-E Wasl Village Retail Center, Ground Floor,');
INSERT INTO "inventory_store" VALUES(245,'1379','Aster Pharmacy 182 (Br of Aster ','Jawhat Alfaihaa Building, Ground Floor, Shop No:2,');
INSERT INTO "inventory_store" VALUES(246,'AO017','Aster Optics 12 (Wasl Village Mu','R 1083-E Wasl Village Retail Center');
INSERT INTO "inventory_store" VALUES(247,'AO018','ASTER OPTICS 10 (UNION COOP -MOT','Union Coop, Ground Floor');
INSERT INTO "inventory_store" VALUES(248,'1381','ASTER PHARMACY 181(PARK HEIGHTS)','Park Heights Square 1, Ground Floor, Shop No: R04');
INSERT INTO "inventory_store" VALUES(249,'1380','ASTER PHARMACIES GROUP L.L.C BRA','Dalma Mall, First Floor - FF 123 & FF 122B,');
INSERT INTO "inventory_store" VALUES(250,'1382','Aster Pharmacy 183 (Art Heights)','Art Heights, Ground Floor Shop No:2,');
INSERT INTO "inventory_store" VALUES(251,'5006','Zest Wellness Pharmacy (Waitrose','Waitrose Khalifa City, First Floor, 7 & 8,');
INSERT INTO "inventory_store" VALUES(252,'1384','ASTER PHARMACY 180 (EXPRESS CLIN','Rimal 1, First Floor- P19, JBR');
INSERT INTO "inventory_store" VALUES(253,'1334','Aster Pharmacy 149 (Br Of Aster ','CIG Mall, Jabal Ali, Industrial 1st');
INSERT INTO "inventory_store" VALUES(254,'1385','Aster Royal Clinic Downtown Phar','Residences_Retail, First Floor, BD-Resi 1-Retail G');
INSERT INTO "inventory_store" VALUES(255,'1383','Aster Pharmacy 176(Liwan)','Binghatti Jewels,Ground Floor,Shop No: G02, Wadi A');
INSERT INTO "inventory_store" VALUES(256,'1387','Aster Pharmacy 174 (TAG) ','TAG Retail Hub 01, Ground Floor, G03, Dubai');
INSERT INTO "inventory_store" VALUES(257,'1389','ASTER PHARMACY 184 (ZADA Damac B','Zada Tower,  Retail-01, Dubai');
INSERT INTO "inventory_store" VALUES(258,'1388','ASTER PHARMACIES GROUP L.L.C - A','Theban?s Building, Ground Floor, Retail-01, Ban Ya');
INSERT INTO "inventory_store" VALUES(259,'1392','ASTER PHARMACIES GROUP L.L.C - B','2906 Building, Ground Floor, Retail-01, Khalifa Ci');
INSERT INTO "inventory_store" VALUES(260,'1391','ASTER PHARMACIES GROUP L.L.C - B','Shahama Building, Ground Floor, Retail-02, Al Shah');
INSERT INTO "inventory_store" VALUES(261,'1390','AL SHUALLA PHARMACY','Building Name : AL Zahya Uptown, Ground Floor, R02');
INSERT INTO "inventory_store" VALUES(262,'5007','ZEST PHARMACY 1 (BR OF ZEST WELL','Waitrose Al Thanya street, Ground Floor, Retail no');
INSERT INTO "inventory_store" VALUES(263,'1399','ASTER PHARMACY 157 (BR OF ASTER ','Dot Net, Ground level, 1A & 1B, Oud Metha, Dubai.');
INSERT INTO "inventory_store" VALUES(264,'1398','ASTER PHARMACY 126 (BR OF ASTER ','Damac Mall Ventura, Ground Floor, Retail-12, Damac');
INSERT INTO "inventory_store" VALUES(265,'1503','ASTER PHARMACY 189 (BR OF ASTER ','Silicon Heights 2, Ground Floor, S06, Silicon Oasi');
INSERT INTO "inventory_store" VALUES(266,'1395','SHINDAGHA PHARMACY (VERVE VILLAS','VERVE VILLAS JUMEIRAH 1, Ground level, VERVE 123, ');
INSERT INTO "inventory_store" VALUES(267,'1396','ASTER PHARMACY 178 BR OF ASTER P','West Avenue Building, Dubai Marina, Ground Floor, ');
INSERT INTO "inventory_store" VALUES(268,'1394','ASTER PHARMACIES GROUP LLC Fujai','Fujaira Twin Towers, Ground Floor, R.02, Fujaira C');
INSERT INTO "inventory_store" VALUES(269,'1397','Medicom Pharmacy 1 (Br of Aster ','Dubai Outlet Mall, Ground floor, SG-162, Dubai');
INSERT INTO "inventory_store" VALUES(270,'AO019','ASTER OPTICS 11 (BR OF ASTER OPT','Dubai Outlet Mall, Ground floor, SG-115, Dubai');
INSERT INTO "inventory_store" VALUES(271,'1505','ASTER PHARMACIES GROUP LLC-SHJ B','Suyoh Mall, 1st Floor (Same floor of Sharjah Co-op');
INSERT INTO "inventory_store" VALUES(272,'1501','ASTER PHARMACIES GROUP L.L.C - B','C2629, Ground level, Retail 01, Al Raha, Abu Dhabi');
INSERT INTO "inventory_store" VALUES(273,'1502','ASTER PHARMACY 188 (BR OF ASTER ','Loggia Plaza, Ground Floor, LG-Shop-06, Silicon Oa');
INSERT INTO "inventory_store" VALUES(274,'AO020 / 8029','Aster Opticals Mankhool','Inside Aster Hospital, Al Raffa, Dubai');
INSERT INTO "inventory_store" VALUES(275,'1507','Aster Pharmacy -155 (BR OF ASTER','Al Fattan Park View Tower , Ground Floor,  Retail ');
INSERT INTO "inventory_store" VALUES(276,'1504','ASTER Royal Clinic Spring Souk (','SPRINGS SOUK- Al Thanayah Fourth, Ground Floor, Sh');
INSERT INTO "inventory_store" VALUES(277,'1506','Aster Pharmacy Branch-1, Halwan','Shop No- 6,5,4,3, Hamdan Center Building, Halwan, ');
INSERT INTO "inventory_store" VALUES(278,'1508','Medcare Medical center Al Furjan','Medcare Medical center Al Furjan');
INSERT INTO "inventory_store" VALUES(279,'1512','Aster Pharmacy 185 (Br of Aster ','Binghati Gateway - Al Jaddaf -DHCC -');
INSERT INTO "inventory_store" VALUES(280,'1511','Aster Pharmacy 187 (BR OF ASTER ','Aster Pharmacy 187 (BR OF ASTER PHARMACY GROUP L.L');
INSERT INTO "inventory_store" VALUES(281,'1510','ASTER PHARMACIES GROUP LLC - SHJ','Crescent Tower, Floor number ? Ground Floor, Flat/');
INSERT INTO "inventory_store" VALUES(282,'1509','Union Pharmacy (Br of Aster Phar','Building Name ? Al Murooj Complex, Floor number ? ');
INSERT INTO "inventory_store" VALUES(283,'1513','IQRA PHARMACY (BR OF ASTER PHARM','Iqra Pharmacy (Art Residence Barsha)');
INSERT INTO "inventory_store" VALUES(284,'1514','ASTER PHARMACIES GROUP LLC SHJ B','Building Name ? MUWAILAH BUILDING 148/ Floor numbe');
INSERT INTO "inventory_store" VALUES(285,'8034','Lunettes house of  Quality Optic','Spinneys Centre Umm Suqeim, Al Wasl Road, Jumeirah');
INSERT INTO "inventory_store" VALUES(286,'1516','Palm Jumeira medcare ','ASTER PHARMACY 186 (BR OF ASTER PHARMACIES GROUP L');
INSERT INTO "inventory_store" VALUES(287,'1515','ASTER JEBEL ALI PHARMACY- ONE OF','Floor number ? Ground Floor');
INSERT INTO "inventory_store" VALUES(288,'5008','ZEST WELLNESS PHARMACY L LC - SH','ZEST WELLNESS PHARMACY L LC - SHJ. BR');
INSERT INTO "inventory_store" VALUES(289,'1517','Elite Downtown- Aster 191','ASTER PHARMACY 191 (BR OF ASTER PHARMACIES GROUP L');
INSERT INTO "inventory_store" VALUES(290,'1521','Azizi Riviera- Aster 196','AZIZI RIVIERA 5');
INSERT INTO "inventory_store" VALUES(291,'1519','No One  Suites Shaikh Zayad- Ast','ASTER PHARMACY 192');
INSERT INTO "inventory_store" VALUES(292,'8033','Lunettes House of Quality Optics','Lunettes House of Quality Optics');
INSERT INTO "inventory_store" VALUES(293,'1523','ASTER PHARMACY 177 (BR OF ASTER ','Dubai Land Sky Court');
INSERT INTO "inventory_store" VALUES(294,'1520','ASTER PHARMACY 195 (BR OF ASTER ','Shop No. 3, Pink Building 7, Discovery Garden, The');
INSERT INTO "inventory_store" VALUES(295,'1525','ASTER PHARMACY 171 BR OF ASTER P','Darwish Bin Ahmed & Sons Block B');
INSERT INTO "inventory_store" VALUES(296,'1527','ASTER PHARMACY 197 (BR OF ASTER ','JABAL ALI SHOPPING CENTER, DIP AIKO / Ramla');
INSERT INTO "inventory_store" VALUES(297,'1518','Aster Pharmacy 194 (BR OF ASTER ','Creek Vistas tower B, Shop no 2, Shoba Hartland, A');
INSERT INTO "inventory_store" VALUES(298,'8037','Aster optics Triano','Optics Tryano, Ground Floor, Al Waha Court, Yas Ma');
INSERT INTO "inventory_store" VALUES(299,'1530','JLT MEDORE','Aster pharmacies group LLC DMCC branch');
INSERT INTO "inventory_store" VALUES(300,'1524','Medcare Medical Centre The Valle','Shop No. 11 & 12, The valley pavilion, Al Ain Road');
INSERT INTO "inventory_store" VALUES(301,'1526','Medcare Medical Centre Arabian R','Near Silicon central, Arabian Ranches 3 Souk, Wadi');
INSERT INTO "inventory_store" VALUES(302,'1529','Medcare Medical Center Nad Al Sh','G-013, Nad Al Sheba Mall, Nad Al Sheba 3, Dubai');
INSERT INTO "inventory_store" VALUES(303,'1531','Aster Pharmacy 208 Curve By Sent','Shop No. 6, The Curve By Sentro, Al Barshaa South ');
INSERT INTO "inventory_store" VALUES(304,'1532','Aster Pharmacy 211 Azizi Rivera ','Shop No. 11, Azizi Rivera 44, Al Merkadh, Dubai');
INSERT INTO "inventory_store" VALUES(305,'8036','Aster Optics 13 Br of Aster Opti','AFWP-RT-09, Ground Floor, Al Furjan West Pavilion,');
INSERT INTO "inventory_store" VALUES(306,'8038','Aster Opticals LLC - Umm Al Quwa','Mall of Umm Al Quwain, 9, Ground Floor, Umm Al Quw');
INSERT INTO "inventory_store" VALUES(307,'0','first','firt');
CREATE UNIQUE INDEX "auth_group_permissions_group_id_permission_id_0cd325b0_uniq" ON "auth_group_permissions" ("group_id", "permission_id");
CREATE INDEX "auth_group_permissions_group_id_b120cbf9" ON "auth_group_permissions" ("group_id");
CREATE INDEX "auth_group_permissions_permission_id_84c5c92e" ON "auth_group_permissions" ("permission_id");
CREATE UNIQUE INDEX "auth_user_groups_user_id_group_id_94350c0c_uniq" ON "auth_user_groups" ("user_id", "group_id");
CREATE INDEX "auth_user_groups_user_id_6a12ed8b" ON "auth_user_groups" ("user_id");
CREATE INDEX "auth_user_groups_group_id_97559544" ON "auth_user_groups" ("group_id");
CREATE UNIQUE INDEX "auth_user_user_permissions_user_id_permission_id_14a6b632_uniq" ON "auth_user_user_permissions" ("user_id", "permission_id");
CREATE INDEX "auth_user_user_permissions_user_id_a95ead1b" ON "auth_user_user_permissions" ("user_id");
CREATE INDEX "auth_user_user_permissions_permission_id_1fbb5f2c" ON "auth_user_user_permissions" ("permission_id");
CREATE INDEX "django_admin_log_content_type_id_c4bce8eb" ON "django_admin_log" ("content_type_id");
CREATE INDEX "django_admin_log_user_id_c564eba6" ON "django_admin_log" ("user_id");
CREATE UNIQUE INDEX "django_content_type_app_label_model_76bd3d3b_uniq" ON "django_content_type" ("app_label", "model");
CREATE UNIQUE INDEX "auth_permission_content_type_id_codename_01ab375a_uniq" ON "auth_permission" ("content_type_id", "codename");
CREATE INDEX "auth_permission_content_type_id_2f476e4b" ON "auth_permission" ("content_type_id");
CREATE INDEX "inventory_asset_store_id_46b60ffd" ON "inventory_asset" ("store_id");
CREATE INDEX "django_session_expire_date_a5c62663" ON "django_session" ("expire_date");
CREATE INDEX "inventory_returnnote_asset_id_f5f1aeba" ON "inventory_returnnote" ("asset_id");
DELETE FROM "sqlite_sequence";
INSERT INTO "sqlite_sequence" VALUES('django_migrations',24);
INSERT INTO "sqlite_sequence" VALUES('django_admin_log',353);
INSERT INTO "sqlite_sequence" VALUES('django_content_type',9);
INSERT INTO "sqlite_sequence" VALUES('auth_permission',36);
INSERT INTO "sqlite_sequence" VALUES('auth_group',3);
INSERT INTO "sqlite_sequence" VALUES('auth_user',4);
INSERT INTO "sqlite_sequence" VALUES('inventory_asset',6);
INSERT INTO "sqlite_sequence" VALUES('auth_group_permissions',64);
INSERT INTO "sqlite_sequence" VALUES('auth_user_groups',4);
INSERT INTO "sqlite_sequence" VALUES('auth_user_user_permissions',32);
INSERT INTO "sqlite_sequence" VALUES('inventory_store',307);
COMMIT;
